-- MySQL dump 10.13  Distrib 5.7.12, for Win64 (x86_64)
--
-- Host: 127.0.0.1    Database: academicmanagerdb
-- ------------------------------------------------------
-- Server version	5.7.17-log

/*!40101 SET @OLD_CHARACTER_SET_CLIENT=@@CHARACTER_SET_CLIENT */;
/*!40101 SET @OLD_CHARACTER_SET_RESULTS=@@CHARACTER_SET_RESULTS */;
/*!40101 SET @OLD_COLLATION_CONNECTION=@@COLLATION_CONNECTION */;
/*!40101 SET NAMES utf8 */;
/*!40103 SET @OLD_TIME_ZONE=@@TIME_ZONE */;
/*!40103 SET TIME_ZONE='+00:00' */;
/*!40014 SET @OLD_UNIQUE_CHECKS=@@UNIQUE_CHECKS, UNIQUE_CHECKS=0 */;
/*!40014 SET @OLD_FOREIGN_KEY_CHECKS=@@FOREIGN_KEY_CHECKS, FOREIGN_KEY_CHECKS=0 */;
/*!40101 SET @OLD_SQL_MODE=@@SQL_MODE, SQL_MODE='NO_AUTO_VALUE_ON_ZERO' */;
/*!40111 SET @OLD_SQL_NOTES=@@SQL_NOTES, SQL_NOTES=0 */;

--
-- Table structure for table `assignments`
--

DROP TABLE IF EXISTS `assignments`;
/*!40101 SET @saved_cs_client     = @@character_set_client */;
/*!40101 SET character_set_client = utf8 */;
CREATE TABLE `assignments` (
  `assignmentID` int(10) unsigned NOT NULL AUTO_INCREMENT,
  `courseID` int(10) unsigned NOT NULL,
  `description` tinytext NOT NULL,
  `startDate` date NOT NULL,
  `endDate` date NOT NULL,
  PRIMARY KEY (`assignmentID`),
  KEY `courseId_idx` (`courseID`),
  CONSTRAINT `fk_assign_courseID` FOREIGN KEY (`courseID`) REFERENCES `course` (`courseID`) ON DELETE NO ACTION ON UPDATE NO ACTION
) ENGINE=InnoDB AUTO_INCREMENT=41 DEFAULT CHARSET=utf8;
/*!40101 SET character_set_client = @saved_cs_client */;

--
-- Dumping data for table `assignments`
--

LOCK TABLES `assignments` WRITE;
/*!40000 ALTER TABLE `assignments` DISABLE KEYS */;
INSERT INTO `assignments` VALUES (1,1,'Περιγράψτε μου αναλυτικά τις δέκα αρχές της οικονομικής σε μία εργασία 20 σελίδων.','2017-02-03','2017-02-10'),(2,2,'Να κάνετε μία περίληψη του πρώτου κεφαλαίου και να αναλύσετε ένα από τα κομμάτια που θεωρήτε πιο σημαντκό σε μία εργασία 6 σελίδων.','2017-04-19','2017-04-30'),(3,4,'Δώθηκε φυλλάδιο με ασκήσεις πάνω στο κεφάλαιο δεσμευμένες κατανομές που θα πρέπει να συμπληρωθεί. ','2017-02-19','2017-02-28'),(4,4,'Δώθηκε φυλλάδιο με ασκήσεις πάνω στο κεφάλαιο Ροπές Συναρτήσεων Τυχαίων Διανυσμάτων που θα πρέπει να συμπληρωθεί. ','2017-03-17','2017-03-24'),(5,5,'Σχολιάστε μου την νομισματική πολιτική της ευρωπαικής ένωσης και πως επηρεάζει την χώρα μας σε μία εργασία 20 σελίδων.','2017-06-10','2017-06-24'),(6,7,'Αναλύστε μου τι είναι οι αγορές των συντελεστών παραγωγής σε μία εργασία 6 σελίδων .','2017-05-10','2017-05-17'),(7,7,'Να κατασκευαστεί η καμπύλη ζήτησης ενός προϊόντος.','2017-04-12','2017-04-19'),(8,8,'Προσδιορίστε μου το εθνικό εισόδημα μίας μικρής οικονομικά χώρας.','2017-07-10','2017-07-27'),(9,13,'Γράψτε μου 50 εντολές select και αναλύστε μου τι κάνει η κάθε μία. ','2017-10-12','2017-10-19'),(10,10,'Αναλύστε μου τρόπους ώστε να αυξηθεί η αποδοτικότητα μίας επιχείρησης.','2017-03-20','2017-03-27'),(11,11,'Παρουσιάστε μου σε μία εργασία 6 σελίδων τις βασικές έννοιες της στρατηγικής διοίκησης.','2017-09-12','2017-09-19'),(12,13,'Σχεδίασε και υλοποιήσε μία βάση για ένα video club.','2017-03-24','2017-04-01'),(13,13,'Σχεδίασε και υλοποιήσε μία βάση για ένα eshop.','2017-07-07','2017-07-15'),(14,12,'Να συνθέσετε ένα e-marketing plan.','2017-12-10','2017-12-30'),(15,12,'Αξιολογήστε την αποτελεσματικότητα των ενεργειών ψηφιακού μάρκετινγκ.','2017-10-20','2017-10-27'),(16,16,'Αναλύστε μου 3 κατηγορίες λειτουργικών συστημάτων και τονίστε τα πλεονεκτήματά τους.','2017-08-16','2017-08-24'),(17,19,'Ποιος είναι ο ρόλος του δημοσίου και ιδιωτικού τομέα στην Ελλάδα και την Ευρωπαϊκή.','2017-08-20','2017-08-27'),(18,18,'Να πραγματοποιηθεί μία πλήρη προώθηση ενός προϊόντος.','2017-04-19','2017-04-24'),(19,16,'Ποιές είναι οι βασικές έννοιες των λειτουργικών συστημάτων.','2017-11-29','2017-12-12'),(20,20,'Φτιάξτε μου μία εφαρμογή σε γλώσσα prolog για ένα παράλληλο πρόβλημα αναζήτησης.','2017-09-29','2017-10-10'),(21,4,'Δώθηκε φυλλάδιο με ασκήσεις πάνω στο κεφάλαιο είδη συναρτήσεων κατανομής που θα πρέπει να συμπληρωθεί. ','2017-04-19','2017-04-28'),(22,10,'Τι είναι η ποσοτικοποίηση και η αξιολόγηση της ποιότητας.','2017-05-05','2017-05-20'),(23,12,' Ποια είναι τα μέσα και τα εργαλεία διαφήμισης που χρησιμοποιούνται στο διαδίκτυο.','2017-07-28','2017-08-09'),(24,10,'Περιγράψτε μου πως θα υπάρξει βελτιστοποίηση των επιχειρηματικών αποφάσεων.','2017-02-03','2017-02-13'),(25,20,'Ποιές είναι οι τεχνικές υλοποίησης συστημάτων λογικού προγραμματισμού.','2017-04-10','2017-04-17'),(26,16,'Τι είναι τα νήματα εκτέλεσης και ποια η χρησιμότητά τους.','2017-02-13','2017-02-28'),(27,20,'Αναλύστε μου την θεωρία του λογικού προγραμματισμου σε μία εργασία 6 σελίδων.','2017-02-12','2017-02-20'),(28,2,'Να κάνετε μία περίληψη του δεύτερου κεφαλαίου και να αναλύσετε ένα από τα κομμάτια που θεωρήτε πιο σημαντκό σε μία εργασία 8 σελίδων.','2017-06-21','2017-06-28'),(29,2,'Να κάνετε μία περίληψη του τρίτου κεφαλαίου και να αναλύσετε ένα από τα κομμάτια που θεωρήτε πιο σημαντκό σε μία εργασία 10 σελίδων.','2017-11-03','2017-11-10'),(30,7,'Να γίνει μία έρευνα για την δυνατότητα διαφήμισης ενός προϊόντος στην αγορά της ένδυσης. ','2017-09-10','2017-09-17'),(31,19,'Ποιές είναι οι λειτουργίες των τραπεζών και ποιούς κίνδυνους διατρέχουν.','2017-08-13','2017-08-20'),(32,10,'Περιγράψτε μου τα βασικά στοιχεία της θεωρίας των επιχειρήσεων.','2017-06-12','2017-06-19'),(33,11,'Αναλύστε μου πως θα πρέπει να γίνει ο στρατηγικός σχεδιασμός μάρκετινγκ ενός νέου τεχνολογικού προϊόντος.','2017-02-03','2017-02-17'),(34,8,'Περιγράψτε μου την θεωρία της κατανάλωσης και αποταμίευσης σε μία εργασία 5 σελίδων.','2017-11-11','2017-11-19'),(35,8,'Αναλύστε μου τι είναι ο πληθωρισμός και πως επηρεάζει τις εθνικές οικονομίες.','2017-05-02','2017-05-09'),(36,5,'Σχολιάστε μου την πολιτική της ευρωπαικής τράπεζας σε σχέση με τον δανεισμό χωρών σε μία εργασία 20 σελίδων.','2017-02-02','2017-02-09'),(37,2,'Να κάνετε μία περίληψη του τρίτου κεφαλαίου και να αναλύσετε ένα από τα κομμάτια που θεωρήτε πιο σημαντκό σε μία εργασία 12 σελίδων.','2017-01-20','2017-01-27'),(38,1,'Περιγράψτε σε μία εργασία 20 σελίδων τα οφέλη του εμπορίου για μία χώρα που βρίσκεται στην μεσόγειο. ','2017-01-07','2017-01-14'),(39,1,'Περιγράψτε μου τι είναι ελαστικότητα και ποιές είναι οι εφαρμογές της.','2017-07-18','2017-07-25'),(40,18,'Ποιές είναι οι καλύτερες  προωθητικές ενέργειες προς τους λιανέμπορους.','2017-04-19','2017-04-29');
/*!40000 ALTER TABLE `assignments` ENABLE KEYS */;
UNLOCK TABLES;

--
-- Table structure for table `course`
--

DROP TABLE IF EXISTS `course`;
/*!40101 SET @saved_cs_client     = @@character_set_client */;
/*!40101 SET character_set_client = utf8 */;
CREATE TABLE `course` (
  `courseID` int(10) unsigned NOT NULL AUTO_INCREMENT,
  `startDate` date NOT NULL,
  `endDate` date NOT NULL,
  `status` enum('complete','active','readyToStart') NOT NULL,
  `totalHours` int(11) NOT NULL,
  `timetable` varchar(45) NOT NULL,
  `syllabus` mediumtext NOT NULL,
  `cost` int(10) unsigned NOT NULL,
  `discount` int(10) unsigned NOT NULL DEFAULT '0',
  `classroom` varchar(20) NOT NULL,
  `maxStudents` int(10) unsigned NOT NULL,
  `minStudents` int(10) unsigned NOT NULL,
  `credits` int(10) unsigned NOT NULL,
  `idCourseCore` int(10) unsigned DEFAULT NULL,
  PRIMARY KEY (`courseID`),
  KEY `fk_courseCore_idx` (`idCourseCore`),
  CONSTRAINT `fk_courseCore` FOREIGN KEY (`idCourseCore`) REFERENCES `coursecore` (`idcourseCore`) ON DELETE NO ACTION ON UPDATE NO ACTION
) ENGINE=InnoDB AUTO_INCREMENT=21 DEFAULT CHARSET=utf8;
/*!40101 SET character_set_client = @saved_cs_client */;

--
-- Dumping data for table `course`
--

LOCK TABLES `course` WRITE;
/*!40000 ALTER TABLE `course` DISABLE KEYS */;
INSERT INTO `course` VALUES (1,'2016-10-20','2017-02-15','complete',80,'Τρίτη 12:00-16:00','1)Οι Δέκα Αρχές της Οικονομικής, Mankiw Κεφάλαιο 1\n2)Σκεφτόμενοι ως Οικονομολόγοι, Mankiw Κεφάλαιο 2\n3)Αλληλεπίδραση και τα Οφέλη του Εμπορίου, Mankiw Κεφάλαιο 3\n4)Οι Αγοραίες Δυνάμεις της Προσφοράς και Ζήτησης, Mankiw Κεφάλαιο 4\n5)Η Ελαστικότητα και οι Εφαρμογές της, Mankiw: Κεφάλαιο 5, Βαρσακέλη: κεφ. 1, Ενότητα 4, σελ. 26-38. Επίσης, Ασκήσεις: 4, 7, 8, 9, 10, 11. Ερωτήσεις: 6, 10, 12,13, 16, 20 και 21\n6)Προσφορά, Ζήτηση και Οικονομική Πολιτική της Κυβέρνησης, Mankiw Κεφάλαιο 6\n7)Καταναλωτές, Παραγωγοί και η Αποτε-λεσματικότητα των Αγορών, Mankiw Κεφάλαιο 7\n8)Η Θεωρία των Επιλογών του Καταναλωτή, Mankiw Κεφάλαιο 21, Βαρσακέλη: Κεφάλαιο 1, σελί-δες 1-9.\n9)Το Κόστος Παραγωγής, Mankiw Κεφάλαιο 13\n10)Επιχειρήσεις σε Ανταγωνιστικές Αγορές, Mankiw Κεφάλαιο 14\n11)Μονοπώλιο, Mankiw Κεφάλαιο 15\n12)Ολιγοπώλιο, Mankiw Κεφάλαιο 16\n13Μονοπωλιακός Ανταγωνισμός, Mankiw Κεφάλαιο 17\n14)Οι Αγορές των Συντελεστών Παραγωγής, Mankiw Κεφάλαιο 18',120,10,'304',60,10,3,5),(2,'2017-02-20','2017-07-05','active',80,'Τετάρτη 14:00-17:00','Από το βιβλίο «Μικροικονομική Θεωρία Τόμος Α» των Γιάννη Παλαιολόγου και Μιχάλη Πολέμη,\nΚεφ.1ο, σελ. 29-133\nΚεφ. 2ο, σελ. 171-235\nΚεφ. 3ο, σελ. 237-332\nΚεφ. 4ο, σελ. 334-393\nΚεφ. 5ο, σελ. 395-470\nΚεφ. 6ο, σελ. 471-532\nΚεφ. 7ο, σελ. 533-593\n2) Από το βιβλίο «Εισαγωγή στην Μικροοικονομική Ανάλυση», του Παντελή Παντελίδη \nΚεφ 8ο, σελ. 237-269\nΚεφ 9ο, σελ. 270-304\nΚεφ 10ο, σελ. 305-315\nΚεφ 11ο, σελ. 328-347',200,10,'305',60,10,5,6),(3,'2017-03-05','2017-07-05','readyToStart',90,'Πέμπτη 16:00-20:00','Οι βασικές ενότητες  που θα παρουσιαστούν έχουν ως εξής:\n1)Εμπειρικές Κατανομές Συχνοτήτων μιας Μεταβλητής: Διακριτές και Συνεχείς Κατανομές Συχνοτήτων και Αθροιστικών Συχνοτήτων – Γραφικές Μέθοδοι Παρουσίασης Ποιοτικών και Πασοτικών Στατιστικών Δεδομένων – Ιστόγραμμα Συχνοτήτων και Αθροιστικών Συχνοτήτων \n2)Παράμετροι Μονομεταβλητών Πληθυσμών: Παράμετροι Κεντρικής Τάσης – Παράμετροι Κεντρικής Θέσης – Μέτρα Διασποράς – Μετασχηματισμοί Δεδομένων με Κωδικοποίηση – Παράμετροι Ασυμμετρίας –  Ροπές Κατανομής Συχνοτήτων – Παράμετροι Κύρτωσης \n3)Βασικές Έννοιες των Ενδεχομένων: Πείραμα Τύχης – Δειγματικός Χώρος – Ενδεχόμενα – Πράξεις με Ενδεχόμενα \n4)Συνδυαστική Θεωρία: Μεταθέσεις ν Στοιχείων – Διατάξεις Με ή Χωρίς Επανάληψη ν Στοιχείων Ανά μ – Συνδυασμοί Με ή Χωρίς Επανάληψη ν Στοιχείων Ανά μ – Διώνυμο του Νεύτωνα\n5)Η Έννοια της Πιθανότητας: Κλασικός, Στατιστικός και Αξιωματικός Ορισμός της Πιθανότητας – Ιδιότητες των Πιθανοτήτων – Δεσμευμένη Πιθανότητα – Ανεξάρτητα Ενδεχόμενα – Θεώρημα Ολικής Πιθανότητας – Τύπος του Bayes\n6)Μονοδιάστατες Τυχαίες Μεταβλητές: Διακριτή και Συνεχής Τυχαία Μεταβλητή – Συνάρτηση και Πυκνότητα Πιθανότητας – Μέση Τιμή – Αθροιστική Συνάρτηση Κατανομής – Διακύμανση – Ροπές Διαφόρων Τάξεων – Διάμεσος και Τεταρτημόρια – Ασυμμετρία και Κύρτωση – Ροπογεννήτρια, Γεννήτρια και Χαρακτηριστική Συνάρτηση \n7)Θεωρητικές Κατανομές: Bernoulli – Διωνυμική – Γεωμετρική – Poisson – Ομοιόμορφη – Εκθετική – Κανονική – Λογαριθμοκανονική \n8)Δυσδιάστατες Τυχαίες Μεταβλητές: Διακριτές και Συνεχείς Τυχαίες Μεταβλητές – Από Κοινού Συνάρτηση και Πυκνότητα Πιθανότητας – Ανεξάρτητες Τυχαίες Μεταβλητές – Μικτή Μέση Τιμή – Από Κοινού Αθροιστική Συνάρτηση Κατανομής – Περιθώρια Συνάρτηση και Πυκνότητα Πιθανότητας – Συνδιακύμανση – Συντελεστής Συσχέτισης – Μικτές Ροπές Διαφόρων Τάξεων\n9)Δεσμευμένες Τυχαίες Μεταβλητές: Διακριτές και Συνεχείς Δεσμευμένες Τυχαίες Μεταβλητές – Δεσμευμένη Συνάρτηση και Πυκνότητα Πιθανότητας – Δεσμευμένη Αθροιστική Συνάρτηση Κατανομής – Συναρτήσεις Παλινδρόμισης και Σκέδασης – Δεσμευμένες Ροπές Διαφόρων Τάξεων      \n ',200,20,'120',60,10,2,7),(4,'2016-04-06','2016-12-10','complete',100,'Δευτέρα 10:00-14:00','Χώροι Πιθανότητας, Ανεξαρτησία Ενδεχομένων και Δεσμευμένη Πιθανότητα, Τυχαίες Μεταβλητές και οι Κατανομές τους, Είδη Συναρτήσεων Κατανομής: Διακριτές και Συνεχείς Τυχαίες Μεταβλητές, Αναμενόμενη Τιμή και Ροπές Τυχαίων Μεταβλητών, Ροπογεννήτριες, Ιδιότητες Ροπογεννητριών, Τυχαία Διανύσματα και ΑπόΚοινού Κατανομές, Περιθώριες Κατανομές, Ανεξαρτησία Τυχαίων Μεταβλητών, Ροπές Συναρτήσεων Τυχαίων Διανυσμάτων, Ροπογεννήτριες Τυχαίων Διανυσμάτων, Δεσμευμένες Κατανομές.',100,0,'140',60,10,5,8),(5,'2017-02-13','2017-07-20','active',80,'Παρασκευή 13:00-16:00','Εγχειρίδια (διανέμονται δωρεάν):\nΑθανασίου Γ. Νούλα, Χρήμα & Τράπεζες, Θεσσαλονίκη 2005\nΤράπεζα της Ελλάδος, Νομισματική Πολιτική 2010-2011, Φεβρουάριος 2011\nΕυρωπαϊκή Κεντρική Τράπεζα, , Η Ευρωπαϊκή Κεντρική Τράπεζα, το Ευρωσύστημα, το Ευρωπαϊκό Σύστημα Κεντρικών Τραπεζών, Απρίλιος 2006\nΕυρωπαϊκή Κεντρική Τράπεζα,  Η εφαρμογή της νομισματικής πολιτικής στη ζώνη του ευρώ:  Γενική τεκμηρίωση για τα μέσα και τις διαδικασίες νομισματικής πολιτικής του Ευρωσυστήματος, Νοέμβριος 2008.\n',200,10,'200',60,10,5,9),(6,'2017-03-10','2017-10-08','readyToStart',70,'Τρίτη 18:00-20:00',': Με την ολοκλήρωση του μαθήματος οι συμμετέχοντες\nθα πρέπει:\nI.Nα κατανοήσουν τις βασικές αρχές, αποφάσεις, εργαλεία και ορολογία του μάρκετινγκ,\nII.Να εξοικειωθούν με το σύνολο των διεργασιών και λειτουργιών του μάρκετινγκ\nIII.Να αποκτήσουν μία συνολική και συνδυαστική εικόνα των αποφάσεων μάρκετινγκ ως\nλειτουργία της επιχείρησης. ',50,0,'313',60,10,2,10),(7,'2017-01-01','2017-08-09','complete',100,'Παρασκευή 18:00-21:00','Η κατασκευή υποδειγμάτων. Ο σκοπός τους και οι αρχές με τις οποίες κατασκευάζονται. Το βασικό\nοικονομικό υπόδειγμα. Η οριακή ανάλυση.\nΟι υποθέσεις για την συμπεριφορά του καταναλωτή. Η συνάρτηση χρησιμότητας και οι καμπύλες\nαδιαφορίας. Η καμπύλη ζήτησης ενός προϊόντος και οι προσδιοριστικοί του παράγοντες.\nΟι υποθέσεις για την λειτουργία της επιχείρησης. Οι διάφορες μορφές κόστους. Ο χρονικός\nορίζοντας για μια επιχείρηση. Το κόστος ευκαιρίας. Η καμπύλη προσφοράς για ένα προϊόν και οι\nπροσδιοριστικοί του παράγοντες.\nΗ ισορροπία στην αγορά. Κοινωνική ευημερία. Πλεόνασμα του καταναλωτή. Πλεόνασμα του\nπαραγωγού.\nΟι διάφορες μορφές της αγοράς και οι συνέπειές τους στην παραγόμενη ποσότητα, στην τιμή και\nστην κοινωνική ευημερία. ',200,10,'345',60,10,3,11),(8,'2017-03-10','2017-07-10','active',90,'Τρίτη 18:00-21:00','Εισαγωγή στα μακροοικονομικά μεγέθη\nΘεωρία κατανάλωσης και αποταμίευσης\nΠροσδιορισμός του εθνικού εισοδήματος - πολλαπλασιαστές\nΔημόσιες δαπάνες - φόροι - κρατικός προϋπολογισμός\nΠροσφορά και ζήτηση χρήματος\nEισαγωγή στις καμπύλες ΙS-LM\nΝομισματική και δημοσιονομική πολιτική σε κλειστή οικονομία\nΜακροοικονομική καμπύλη ζήτησης και Συνολική προσφορά\nΑνεργία\nΠληθωρισμός\nΚαμπύλη Phillips',200,20,'321',60,10,5,12),(9,'2017-03-12','2017-08-01','readyToStart',80,'Πέμπτη 13:00-16:00',' Το μάθημα αυτό αποσκοπεί στο να δώσει στους φοιτητές τα\nαπαραίτητα εργαλεία που απαιτούνται ώστε να γίνετε ένας ευφυής χρήστης της έρευνας αγοράς. Ο\nστόχος του μαθήματος είναι να κατανοήσουν οι φοιτητές με σαφή τρόπο τη λογική της έρευνας\nμάρκετινγκ, τους διάφορους τύπους της έρευνας μάρκετινγκ, τη διαδικασία της έρευνας μάρκετινγκ\nκαι το ρόλο που διαδραματίζει η έρευνα μάρκετινγκ στη λήψη αποφάσεων. Συνεπώς, μεγάλο μέρος\nτου μαθήματος θα αφιερωθεί στη μεθοδολογία διεξαγωγής μιας ολοκληρωμένης έρευνας αγοράς.',150,10,'400',60,10,4,13),(10,'2017-04-15','2017-09-08','active',120,'Δευτέρα 12:00-15:00','Συνιστώμενη βιβλιογραφία προς μελέτη:\nI.Κορρές, Γ. Μ., και Λιαργκόβας, Π. Γ. (2009). Οικονομική των επιχειρήσεων, Εκδόσεις Σταμούλη.\nII.Νικολόπουλος, Η. Ι. και Σπυριούνη, Σ. Β. (2006). Οικονομική της διοίκησης, Εκδόσεις Πατάκη. ',100,5,'124',60,10,4,14),(11,'2017-01-20','2017-06-09','active',120,'Τετάρτη 14:00-18:00','Επιδιωκόμενα μαθησιακά αποτελέσματα: Με την ολοκλήρωση του μαθήματος θα πρέπει:\nI.Να έχουν γίνει κατανοητές βασικές έννοιες στρατηγικής διοίκησης, απόψεις και προσεγγίσεις που\nέχουν αναπτυχθεί στην παγκόσμια ακαδημαϊκή κοινότητα και την επιχειρησιακή πρακτική.\nII.Να μπορούν να αξιοποιηθούν τεχνικές στρατηγικής ανάλυσης του περιβάλλοντος των\nεπιχειρήσεων.\nIII.Να μπορούν να αποτυπωθούν οι στρατηγικές επιλογές στις επιχειρήσεις.\nIV.Να μπορούν να αξιοποιηθούν τεχνικές, εργαλεία και μέθοδοι αξιολόγησης των στρατηγικών\nεπιλογών στις επιχειρήσεις.\nV.Να μπορούν να αξιοποιηθούν τεχνικές, εργαλεία και μέθοδοι υλοποίησης των στρατηγικών\nεπιλογών στις επιχειρήσεις.\nVI.Να σχεδιάζουν την κατάλληλη στρατηγική μάρκετινγκ ανάλογα με τον ρυθμό ανάπτυξης της\nαγοράς και την θέση της εταιρείας στον κλάδο.\nVII.Να διαμορφώνουν τις κατάλληλες τακτικές μάρκετινγκ ανάλογα με την επιλεχθείσα στρατηγική\nμάρκετινγκ.',250,0,'340',60,10,6,15),(12,'2016-09-01','2017-01-01','complete',60,'Τρίτη 09:00-11:00',': Με την ολοκλήρωση του μαθήματος οι συμμετέχοντες θα\nπρέπει:\nI.Να έχουν κατανοήσει τις συνέπειες των ψηφιακών τεχνολογιών για το μάρκετινγκ\nII.Να γνωρίζουν τα κύρια εργαλεία του ψηφιακού μάρκετινγκ και να είναι σε θέση να τα εφαρμόσουν\nσε ένα αρχικό επίπεδο\nIII.Να επιλέγουν και να συνδυάζουν τα κατάλληλα εργαλεία ανάλογα με τους στόχους μάρκετινγκ και\nτα δεδομένα της αγοράς\nIV.Να αξιολογούν την αποτελεσματικότητα των ενεργειών ψηφιακού μάρκετινγκ\nV.Να συνθέτουν όλα τα παραπάνω σε ένα e-marketing plan.',100,10,'70',60,10,2,16),(13,'2016-09-01','2017-04-10','active',100,'Παρασκευή 09:00-12:00','Βασικές αρχές, επισκόπηση συστημάτων βάσεων δεδομένων. Τα τρια αρχιτεκτονικά επίπεδα (εσωτερικό,\nλογικό, εξωτερικό). Μοντέλα δεδομένων (πρακτικά θέματα μοντελοποίησης δεδομένων, συσχετίσεις). Η\nγλώσσα SQL (επιγραμμική και διαδικτυακή χρήση). Εισαγωγή στην κανονικοποίηση (1NF, 2NF, 3NF, 4NF,\n5NF). Σχεσιακή άλγεβρα, σχεσιακός λογισμός πλειάδων (TRC), σχεσιακός λογισμός ορισμάτων (DRC),\nσύνθεση αιτημάτων (προχωρημένες επερωτήσεις, αναπαράσταση επερωτήσεων). Δημιουργία και διαχείριση\nβάσεων με τη χρήση της SQL (δημιουργία σχήματος, όψεις, δρομείς, εξουσιοδοτήσεις). Εναύσματα (σχεδίαση\nκαι εφαρμογές). Ανάπτυξη εφαρμογών με φιλοξενούσα γλώσσα (συνδεσιμότητα, ευρετηρίαση, ανάκτηση).\nΑνάπτυξη διαδικτυακών εφαρμογών βάσεων δεδομένων (XML, HTML, διαδικτυακές γλώσσες). Μετονομασία,\nισοδυναμία αλγεβρικών πράξεων, λογικοί έλεγχοι, περιορισμοί. Συναλλαγές (σημασιολογία, επεξεργασία,\nεπαλήθευση, εγκυροποίηση). Βελτιστοποίηση επερωτήσεων. Δικτυωτό μοντέλο, γλώσσα NDL',200,5,'405',60,10,5,17),(14,'2016-06-01','2017-01-01','complete',100,'Τρίτη 12:00-15:00','Κληρονομικότητα και πολυμορφισμός σε βάθος: βελτιστοποίηση ιεραρχίας τάξεων και επαναχρησιμοποίησης',150,0,'201',100,10,6,18),(15,'2017-07-10','2017-12-01','readyToStart',120,'Παρασκευή 13:00-16:00','Δείκτες και δυναμική καταχώρηση μνήμης. Αναφορές. Μεταβίβαση παραμέτρων με τιμή, με αναφορά μέσω\nδεικτών και με αναφορά μέσω αναφορών. Συναρτήσεις που επιστρέφουν δείκτες ή αναφορές. Υπερφόρτωση\nσυναρτήσεων. Σχεδιότυπα συναρτήσεων. Ρεύματα εισόδου και εξόδου. Περισσότερα από ένα αρχεία πηγαίου\nκώδικα, αρχεία κεφαλίδας, αντικειμενικός και εκτελέσιμος κώδικας. Χώροι ονομάτων. Τάξεις και δυναμική\nκαταχώρηση μνήμης, κατασκευαστές αντιγράφου, καταστροφείς. Υπερφόρτωση τελεστών. Κληρονομικότητα,\nεικονικές και μη εικονικές μέθοδοι, πολυμορφισμός, αφηρημένες τάξεις. Σχεδιότυπα τάξεων. Υλοποίηση\nαπλών δομών δεδομένων με σχεδιότυπα τάξεων, δείκτες και δυναμική καταχώρηση μνήμης. Στοιχεία της\nβιβλιοθήκης STL. Επαναλήπτες και υλοποίησή τους με δείκτες. Κυριότερες διαφορές της C από τη C++.',200,20,'370',100,10,3,19),(16,'2017-02-10','2017-07-10','active',90,'Πέμπτη 16:00-18:00','Βασικές έννοιες λειτουργικών συστημάτων, δομή λειτουργικών συστημάτων, ιστορική αναδρομή. Ταυτόχρονες\nδιεργασίες, νήματα εκτέλεσης, αμοιβαίος αποκλεισμός, διαχείριση και χρονοπρογραμματισμός διεργασιών.\nΕπικοινωνία διεργασιών και συγχρονισμός νημάτων. Διαχείριση μνήμης, χώροι διευθύνσεων, εικονική μνήμη,\nσελιδοποίηση και τεμαχισμός, υλικό διαχείρισης μνήμης. Αρχεία και ευρετήρια, διαχείριση χώρου\nαποθήκευσης, υλοποίηση συστημάτων αρχείων. Διαχείριση εισόδου/εξόδου, διεπαφή με το χρήστη, διαχείριση\nενέργειας. Αδιέξοδα και διαχείρισή τους. Ασφάλεια λειτουργικών συστημάτων, κρυπτογραφία, μηχανισμοί\nπροστασίας, απειλές ασφάλειας, τρόποι αντιμετώπισης απειλών. Μελέτη περίπτωσης: LINUX και\nPOSIX/UNIX. Εισαγωγή στη γλώσσα C, προγραμματισμός σε επίπεδο διεργασιών και νημάτων.',0,0,'320',100,10,4,20),(17,'2017-03-12','2017-08-01','readyToStart',90,'Παρασκευη 19:00-21:00','H. Rosen και T.Gayer «Δημόσια Οικονομική», Α και Β τόμος, εκδόσεις\nΚΡΙΤΙΚΗ.\nH. Rosen και T.Gayer, Public Finance, 8th edition, McGraw-Hill/Irwin.',120,10,'321',90,10,4,21),(18,'2017-03-20','2017-10-29','active',120,'Πέμπτη 18:00-21:00',' Άμεσο Μάρκετινγκ: γενικές αρχές, στρατηγικός σχε-\nδιασμός, δημιουργική στρατηγική, εναλλακτικά μέσα άμεσου μάρκετινγκ (ταχυ-\nδρομείο, ημερήσιος-περιοδικός τύπος, τηλεόραση, τηλέφωνο, διαδίκτυο), Προώ-\nθηση Πωλήσεων: γενικές αρχές, εναλλακτικές μέθοδοι προώθησης πωλήσεων προς\nτον τελικό καταναλωτή (Retail Promotions), γενικές καταστάσεις που οδηγούν στην\nεφαρμογή προωθητικών ενεργειών προς τον τελικό καταναλωτή, σχεδιασμός, υλο-\nποίηση και μέτρηση αποτελεσματικότητας προωθητικών ενεργειών προς τον τελικό\nκαταναλωτή, προωθητικές ενέργειες προς τους λιανέμπορους (Trade Promotions),\nσυμπεριλαμβανομένων τόσο των εμπορικών όσο και των καταναλωτικών ασφαλί-\nσεων.',150,20,'323',90,10,5,22),(19,'2016-09-10','2017-02-10','complete',100,'Τετάρτη 12:00-14:00','Ανάμεσα στα θέματα τα οποία αναλύονται περιλαμβάνονται οι λειτουργίες του χρηματοοικονομικού συστήματος και η σχέση του με την οικονομική ανάπτυξη, ο ρόλος της πληροφορήσεως, η συμβολή των αναλυτών και των οίκων αξιολογήσεως πιστοληπτικής ικανότητας στην αντιμετώπιση της ασυμμέτρου πληροφορήσεως, ο ρόλος του θεσμικού πλαισίου και της ποιότητας εφαρμογής των νόμων, οι λειτουργίες των τραπεζών και οι εξ αυτών κίνδυνοι, η καταπίεση και απελευθέρωση τουχρηματοοικονομικού συστήματος και οι εξ αυτών στρατηγικές προκλήσεις για τις τράπεζες, οι χρηματοοικονομικές κρίσεις, η οικονομική ανάλυση του θεσμικού πλαισίου με έμφαση στη Συνθήκη της Βασιλείας ΙΙ, οι σύγχρονες τάσεις για το θεσμικό πλαίσιο και τη στρατηγική των τραπεζών.',200,10,'450',90,10,6,23),(20,'2017-03-10','2017-09-01','active',100,'Δευτέρα 11:00-14:00','Γενικά περί διαδικαστικού και δηλωτικού προγραμματισμού. Ο λογικός προγραμματισμός σαν μία εκδοχή του δηλωτικού προγραμματισμού. Η γλώσσα προγραμματισμού Prolog. Σύνταξη προγραμμάτων. Λίστες. Τελεστές. Αριθμητική. Έλεγχος οπισθοδρόμησης. Άρνηση στην Prolog. Ενσωματωμένα κατηγορήματα. Χειρισμός δομών δεδομένων. Απλές εφαρμογές της Prolog σε προβλήματα αναζήτησης, συμβολική επεξεργασία, κατανόηση φυσικής γλώσσας και μετα-προγραμματισμό. Έμπειρα συστήματα και λογικός προγραμματισμός. Θεωρία λογικού προγραμματισμού. Ερμηνείες και μοντέλα.\nΜοντελοθεωρητική σημασιολογία. Σημασιολογία σταθερού σημείου. Ενοποίηση. SLD-επίλυση. Λειτουργική σημασιολογία. Λογικός προγραμματισμός με περιορισμούς. Τεχνικές υλοποίησης συστημάτων λογικού προγραμματισμού. Παράλληλος λογικός προγραμματισμός. Λογικός προγραμματισμός για αναπαράσταση γνώσης. Αναπαράσταση γνώσης - μεθοδολογίες και υλοποιήσεις τους με χρήση της Prolog. Συστήματα βασισμένα σε γνώση - η περίπτωση των εμπείρων συστημάτων. Συμπερασματικές βάσεις δεδομένων - η περίπτωση της Datalog. Λογικός προγραμματισμός και παγκόσμιος ιστός.',160,0,'234',80,5,2,24);
/*!40000 ALTER TABLE `course` ENABLE KEYS */;
UNLOCK TABLES;

--
-- Table structure for table `courseapplication`
--

DROP TABLE IF EXISTS `courseapplication`;
/*!40101 SET @saved_cs_client     = @@character_set_client */;
/*!40101 SET character_set_client = utf8 */;
CREATE TABLE `courseapplication` (
  `studentID` int(10) unsigned NOT NULL,
  `courseID` int(10) unsigned NOT NULL,
  `applicationDate` date DEFAULT NULL,
  PRIMARY KEY (`studentID`,`courseID`),
  KEY `courseId_idx` (`courseID`),
  CONSTRAINT `fk_courseApp_courseID` FOREIGN KEY (`courseID`) REFERENCES `course` (`courseID`) ON DELETE NO ACTION ON UPDATE NO ACTION,
  CONSTRAINT `fk_courseApp_studentID` FOREIGN KEY (`studentID`) REFERENCES `person` (`personID`) ON DELETE NO ACTION ON UPDATE NO ACTION
) ENGINE=InnoDB DEFAULT CHARSET=utf8;
/*!40101 SET character_set_client = @saved_cs_client */;

--
-- Dumping data for table `courseapplication`
--

LOCK TABLES `courseapplication` WRITE;
/*!40000 ALTER TABLE `courseapplication` DISABLE KEYS */;
INSERT INTO `courseapplication` VALUES (1282,3,'2017-06-15'),(1282,9,'2017-06-15'),(1989,6,'2017-09-12'),(2247,3,'2017-08-11'),(2247,9,'2017-08-11'),(2247,15,'2017-08-11'),(2729,6,'2017-11-19'),(2729,15,'2017-11-19'),(2817,3,'2017-06-12'),(2817,6,'2017-06-12'),(2817,9,'2017-09-19'),(2817,15,'2017-09-19'),(2874,3,'2017-02-10'),(3454,3,'2017-12-30'),(4547,6,'2017-06-21'),(4547,17,'2017-06-20'),(4579,3,'2017-06-22'),(4579,9,'2017-06-15'),(4579,17,'2017-06-15'),(5532,17,'2017-12-09'),(6532,3,'2017-10-12'),(6532,6,'2017-10-12'),(6532,9,'2017-10-13'),(6532,17,'2017-10-13'),(6862,3,'2017-11-22'),(6862,6,'2017-11-22'),(6939,3,'2017-11-29'),(6939,15,'2017-11-29'),(6939,17,'2017-11-29'),(7353,3,'2017-11-12'),(7353,6,'2017-11-12'),(7353,9,'2017-11-12'),(7353,15,'2017-11-30'),(7353,17,'2017-11-30'),(7422,3,'2017-02-11'),(7422,15,'2017-02-11'),(7422,17,'2017-02-11'),(7456,3,'2017-08-21'),(7465,3,'2017-06-21'),(7465,6,'2017-06-21'),(7465,9,'2017-08-22'),(7465,15,'2017-08-22'),(7465,17,'2017-08-22'),(8141,9,'2017-09-21'),(8141,15,'2017-09-22'),(8141,17,'2017-09-22'),(8564,6,'2017-10-10'),(8564,9,'2017-10-10'),(9242,3,'2017-02-22'),(9242,6,'2017-02-23'),(9242,9,'2017-02-23'),(9242,15,'2017-02-23'),(9242,17,'2017-02-24');
/*!40000 ALTER TABLE `courseapplication` ENABLE KEYS */;
UNLOCK TABLES;

--
-- Table structure for table `coursecore`
--

DROP TABLE IF EXISTS `coursecore`;
/*!40101 SET @saved_cs_client     = @@character_set_client */;
/*!40101 SET character_set_client = utf8 */;
CREATE TABLE `coursecore` (
  `idcourseCore` int(10) unsigned NOT NULL AUTO_INCREMENT,
  `courseCore` varchar(10) NOT NULL,
  `title` varchar(60) DEFAULT NULL,
  `description` mediumtext,
  `prereqCoreCourse` varchar(10) DEFAULT NULL,
  `field` enum('economics','marketing','finance','IT') DEFAULT NULL,
  PRIMARY KEY (`idcourseCore`),
  UNIQUE KEY `courseCode_UNIQUE` (`courseCore`)
) ENGINE=InnoDB AUTO_INCREMENT=26 DEFAULT CHARSET=utf8 COMMENT='The table that will store the core courses of our university. Based on this the table course will be populated with instances of the core courses (for each year for example).';
/*!40101 SET character_set_client = @saved_cs_client */;

--
-- Dumping data for table `coursecore`
--

LOCK TABLES `coursecore` WRITE;
/*!40000 ALTER TABLE `coursecore` DISABLE KEYS */;
INSERT INTO `coursecore` VALUES (5,'FIN100','Μικροοικονομική Ι','Το μάθημα Οικονομική Ι εισάγει τους φοιτητές στην αντίληψη του οικονομολόγου για τον κόσμο. Εξετάζει με ποιο τρόπο οι οικονομολόγοι προσεγγίζουν τη μελέτη τους. Διερευνάται ο ρόλος των υπο-θέσεων στην ανάπτυξη μιας θεωρίας και εισάγει την έννοια του οικονομικού υποδείγματος. Εξηγεί γιατί διενεργείται εμπόριο μεταξύ των ανθρώπων μιας χώρας αλλά και μεταξύ χωρών, χρησιμοποιώντας τη θεωρία του συγκριτικού πλεονεκτήματος. Εισάγονται τα βασικά εργαλεία της ζήτησης και προσφοράς, αναπτύσσεται η έννοια της ισορροπίας της αγοράς και εισάγεται η έννοια της ελαστικότητας. Εξετάζο-νται διάφορες δομές αγορών και τα αποτελέσματα των κρατικών παρεμβάσεων στη λειτουργία των αγορών.',NULL,'finance'),(6,'FIN200','Μικροοικονομικη ΙΙ','Το μάθημα Μακροοικονομική Ι εισάγει τους φοιτητές στις μεθόδους αξιολόγησης του οικονομικού περιβάλλοντος μιας χώρας.  Εξετάζει τις αιτίες και μηχανισμούς της μακροχρόνιας οικονομικής ανάπτυξης.  Επίσης εξετάζει τις αιτίες και μηχανισμούς των οικονομικών υφέσεων ή κρίσεων και του πληθωρισμού, όπως επίσης και τις σχετικές κυβερνητικές πολιτικές.','FIN100','finance'),(7,'ECO100','Στατιστική Ι','Το μάθημα αυτό αποτελεί μία εισαγωγή στην Περιγραφική Στατιστική και τη Θεωρία Πιθανοτήτων. Σκοπός του μαθήματος είναι να παρουσιάσει τα βασικά εργαλεία των δύο αυτών κλάδων της Στατιστικής, οι οποίοι βρίσκουν εφαρμογές στην κατασκευή αναρίθμητων επιστημονικών υποδειγμάτων. Η γνώση αυτών των τεχνικών της Στατιστικής Ανάλυσης αποτελεί βασική δεξιότητα που μας επιτρέπει να ποσοτικοποιούμε πραγματικά οικονομικά και χρηματοοικονομικά προβλήματα,  να τα διερευνούμε αναλύοντας τις διαθέσιμες αριθμητικές τους πληροφορίες, και να καταλήγουμε σε λογικά συμπεράσματα και μελλοντικές αποφάσεις.',NULL,'economics'),(8,'ECO200','Στατιστική ΙΙ','Η ύλη η οποία καλύπτει το μάθημα Στατιστική ΙΙ σκοπεύει να εισαγάγει τον φοιτητή στις βασικές έννοιες και στα εργαλεία της στατιστικής επιστήμης, όπως αυτή εφαρμόζεται στη χρηματοοικονομική επιστήμη. Μετά από την απαραίτητη εισαγωγή εννοιών και ορισμών από τη Θεωρία Πιθανοτήτων, η ύλη του μαθήματος επεκτείνεται στη Θεωρία των Στοχαστικών Ανελίξεων, οι οποίες αποτελούν τον ακρογωνιαίο λίθο στη  μοντελοποίηση των χρηματοοικονομικών μεταβλητών. Στη συνέχεια παρουσιάζονται εισαγωγικά στοιχεία από τη Θεωρία της Εκτιμητικής και τον επαγωγική στατιστική με σκοπό την προετοιμασία του φοιτητή για την επιστήμη της Οικονομετρίας. \n ','ECO100','economics'),(9,'FIN300','Χρήμα και Τράπεζες','Το μάθημα ‘Χρήμα και Τράπεζες’ αποτελεί εισαγωγικό μάθημα στην Τραπεζική Διοικητική και συνδετικό κρίκο μεταξύ των μαθημάτων της  Μακροοικονομικής, Μικροοικονομικής και Χρηματοοικονομικής Διοικητικής. Δίδεται ιδιαίτερη έμφαση στο χρηματοπιστωτικό σύστημα και τον ρόλο των χρηματοοικονομικών αγορών και των τραπεζικών ιδρυμάτων. Αναλύονται η έννοια του χρήματος στην οικονομία, οι δομές των αγορών, τα διάφορα αξιόγραφα που είναι αντικείμενα αγοραπωλησίας, καθώς και ο ρόλος και η σπουδαιότητα των επιτοκίων στην οικονομική δραστηριότητα. Επίσης, περιγράφεται το Ευρωσύστημα και η κοινή νομισματική πολιτική στην Ευρωζώνη.',NULL,'finance'),(10,'MAR100','Εισαγωγή Στο Μάρκετινγκ ','Στο μάθημα αυτό θα παρουσιαστούν οι γενικές αρχές, μέθοδοι και πολιτικές μάρκετινγκ. Το\nπεριεχόμενο του μαθήματος περιλαμβάνει: Εισαγωγή, περιεχόμενο, αντικείμενο, εξέλιξη, ορισμοί\nτου μάρκετινγκ, Οι διεργασίες μάρκετινγκ, γενικό πλαίσιο ανάλυσης και δράσης, Στρατηγικό\nμάρκετινγκ, Τοποθέτηση προϊόντος, Τμηματοποίηση αγοράς, Συμπεριφορά καταναλωτή, Έρευνα\nαγοράς, Πολιτική προϊόντος, Πολιτική τιμών, Πολιτική διανομής, Πολιτική επικοινωνίας,\nΙδιαιτερότητες του βιομηχανικού μάρκετινγκ.',NULL,'marketing'),(11,'ECO300','Εισαγωγή Στην Οικονομική Ανάλυση Ι',' Το μάθημα σκοπό έχει να εισάγει τους φοιτητές στις βασικές\nέννοιες της πολιτικής οικονομίας. Εξετάζεται η συμπεριφορά του καταναλωτή και της επιχείρησης\nκαι εξάγονται οι καμπύλες της προσφοράς και της ζήτησης για κάθε προϊόν. Αναλύεται ο ρόλος της\nκυβέρνησης στην οικονομία καθώς και οι συνέπειες των μέτρων που μπορεί να παίρνει. Εξετάζεται\nο ρόλος του διεθνούς εμπορίου στην ευημερία μιας χώρας. Αναλύονται οι διάφορες μορφές\nαγορά: Τέλειος ανταγωνισμός, μονοπώλιο, μονοπωλιακός ανταγωνισμός, ολιγοπώλιο. Εξετάζονται\nοι συνέπειες στην παραγόμενη ποσότητα, στην τιμή και στην ευημερία από κάθε μια μορφή\nαγοράς. Τέλος, αναλύονται οι αγορές των συντελεστών παραγωγής.',NULL,'economics'),(12,'ECO400','Εισαγωγή Στην Οικονομική Ανάλυση ΙI',' Με την ολοκλήρωση του μαθήματος οι φοιτητές\nαναμένεται να είναι εξοικειωμένοι με τις έννοιες της κατανάλωσης, αποταμίευσης, εθνικού\nεισοδήματος, συνολικής προσφοράς και ζήτησης, δημοσιονομικής και νομισματικής πολιτικής,\nπληθωρισμού, ανεργίας. Η προσέγγιση που ακολουθείται συνδυάζει τόσο την Κεϋνσιανή ανάλυση\nγια την βραχυχρόνια περίοδο όσο και την νεοκλασική για την μακροχρόνια. ','ECO300','economics'),(13,'MAR200','Έρευνα Μάρκετινγκ','Με την ολοκλήρωση του μαθήματος, οι φοιτητές θα\nπρέπει να έχουν:\nI.Βελτιώσει τις ικανότητές τους στον σωστό ορισμό του ερευνητικού προβλήματος. Μόνο όταν το\nερευνητικό πρόβλημα έχει οριστεί με σωστό τρόπο, τα αποτελέσματα της έρευνας θα αποδειχθούν\nχρήσιμα,\nII.Αναπτύξει τις ικανότητές τους να αξιολογούν κριτικά διαφορετικές ερευνητικές προσεγγίσεις και\nμεθοδολογίες και να επιλέγουν την πλέον κατάλληλη μεθοδολογία για κάθε περίπτωση,\nIII.Αποκτήσει τις απαραίτητες δεξιότητες ώστε να υλοποιήσουν με επιτυχία μία έρευνα αγοράς -\nορισμός του προβλήματος, σχεδιασμός εργαλείου συλλογής στοιχείων, επιλογή μεθόδου\nδειγματοληψίας, συλλογή στοιχείων, ανάλυση στοιχείων και σύνταξη αναφοράς των\nαποτελεσμάτων,\nIV.Εξοικειωθεί με τις διάφορες τεχνικές και μεθοδολογίες ανάλυσης στοιχείων, που χρησιμοποιούνται\nστην έρευνα αγοράς. ','MAR100','marketing'),(14,'FIN400','Οικονομική Των Επιχειρήσεων','Η Οικονομική των επιχειρήσεων εφαρμόζει τα εργαλεία και τις\nμεθόδους της μικροοικονομικής θεωρίας στο χώρο των επιχειρηματικών αποφάσεων. Σκοπός της\nείναι η ανάλυση και βελτιστοποίηση των επιχειρηματικών αποφάσεων με στόχο την αύξηση της\nαποδοτικότητας των επιχειρήσεων. Θέματα που θα αναλυθούν περιλαμβάνουν: Θεωρία της\nεπιχείρησης (theory of the firm). Ποσοτικοποίηση και αξιολόγηση της ποιότητας.',NULL,'finance'),(15,'MAR300','Επιχειρισιακή Στρατιγική Και Στρατηγικο Μάρκετινγκ','Το μάθημα επιχειρεί να εντάξει τους εκπαιδευόμενους σε βασικές\nέννοιες στρατηγικής μέσα από θεματικές ενότητες, όπως τη στρατηγική ανάλυση περιβάλλοντος, την\nεταιρική αποστολή, τη διαμόρφωση, υλοποίηση και αξιολόγηση στρατηγικής. Δημιουργεί ένα\nπλαίσιο, βάσει του οποίου οι επιχειρήσεις μπορούν να ανταποκριθούν σε προκλήσεις στρατηγικής\nσημασίας, όπως την εξασφάλιση ανταγωνιστικού πλεονεκτήματος, τη δημιουργία και ανάπτυξη\nμοναδικών ικανοτήτων, τη διαμόρφωση εταιρικής ταυτότητας, τη θεσμοθέτηση μακροχρόνιων\nστόχων και την υλοποίηση κατάλληλων στρατηγικών επιλογών. Στο πλαίσιο αυτό, η υλοποίηση μιας\nεπιτυχημένης επιχειρησιακής στρατηγικής προϋποθέτει τη διαμόρφωση και υλοποίηση μιας\nστρατηγικής μάρκετινγκ. Η επιτυχημένη και αποτελεσματική στρατηγική μάρκετινγκ έχει άμεση\nσυνάφεια και σύνδεση με την επιχειρησιακή στρατηγική. ','MAR200','marketing'),(16,'MAR400','Ψηφιακό Μάρκετινγκ','Το διαδίκτυο και γενικότερα οι ψηφιακές τεχνολογίες αποτελούν\nπλέον καθοριστικούς παράγοντες διαμόρφωσης των σημερινών αγορών και δημιουργούν νέα\nδεδομένα, νέες δυνατότητες και νέα εργαλεία για το μάρκετινγκ. Σκοπός του μαθήματος είναι η\nπαρουσίαση των νέων αυτών δυνατοτήτων, τόσο σε στρατηγικό όσο και σε τακτικό επίπεδο, και η\nσύνδεσή στους με τη συνολική στρατηγική μάρκετινγκ ενός οργανισμού ή εταιρίας. Τα θέματα που\nκαλύπτονται περιλαμβάνουν: στρατηγική μάρκετινγκ στην ψηφιακή εποχή, συμπεριφορά\nκαταναλωτή στο διαδίκτυο και τα λοιπά ψηφιακά μέσα, δημιουργία αξίας, content marketing,\nθέματα τιμολόγησης, τρόποι, μέσα και εργαλεία διαφήμισης στο διαδίκτυο (own, paid, earned\nmedia), Search Engine Optimization, νέοι μεσάζοντες και εναλλακτικά δίκτυα, ηελεκτρονικά\nεπιχειρηματικά μοντέλα, μορφές και δυνατότητες των κοινωνικών δικτύων, Web analytics & social\nmedia metrics','MAR300','marketing'),(17,'IT100','Βάσεις Δεδομένων','Βασικές αρχές, επισκόπηση συστημάτων βάσεων δεδομένων. Τα τρια αρχιτεκτονικά επίπεδα (εσωτερικό,\nλογικό, εξωτερικό). Μοντέλα δεδομένων (πρακτικά θέματα μοντελοποίησης δεδομένων, συσχετίσεις). Η\nγλώσσα SQL (επιγραμμική και διαδικτυακή χρήση). Εισαγωγή στην κανονικοποίηση (1NF, 2NF, 3NF, 4NF,\n5NF). Σχεσιακή άλγεβρα, σχεσιακός λογισμός πλειάδων (TRC), σχεσιακός λογισμός ορισμάτων (DRC),\nσύνθεση αιτημάτων (προχωρημένες επερωτήσεις, αναπαράσταση επερωτήσεων). Δημιουργία και διαχείριση\nβάσεων με τη χρήση της SQL (δημιουργία σχήματος, όψεις, δρομείς, εξουσιοδοτήσεις). Εναύσματα (σχεδίαση\nκαι εφαρμογές). Ανάπτυξη εφαρμογών με φιλοξενούσα γλώσσα (συνδεσιμότητα, ευρετηρίαση, ανάκτηση).\nΑνάπτυξη διαδικτυακών εφαρμογών βάσεων δεδομένων (XML, HTML, διαδικτυακές γλώσσες). Μετονομασία,\nισοδυναμία αλγεβρικών πράξεων, λογικοί έλεγχοι, περιορισμοί. Συναλλαγές (σημασιολογία, επεξεργασία,\nεπαλήθευση, εγκυροποίηση). Βελτιστοποίηση επερωτήσεων. Δικτυωτό μοντέλο, γλώσσα NDL',NULL,'IT'),(18,'IT200','Προγραμματισμός Υπολογιστών με Java','Οι φοιτητές θα μάθουν τα βασικά της Γλώσσας προγραμματισμού Java.',NULL,'IT'),(19,'IT300','Προγραμματισμός Υπολογιστών με C++','Οι φοιτητές θα μάθουν τα βασικά της Γλώσσας προγραμματισμού C++.',NULL,'IT'),(20,'IT400','Λειτουργικά Συστήματα','Οι φοιτητές θα μάθουν τα βασικά των λειτουργικών συστημάτων.',NULL,'IT'),(21,'ECO500','Δημόσια Οικονομική','Ο ρόλος του δημοσίου και ιδιωτικού τομέα στην Ελλάδα και την Ευρωπαϊκή\nΈνωση. Ο ρόλος του κράτους σε ανταγωνιστικές αγορές. Εισαγωγή στην\nοικονομική της ευημερίας. Αποτελεσματικότητα ανταγωνιστικών αγορών και\nκοινωνική δικαιοσύνη. Αποτυχίες της αγοράς: Δημόσια αγαθά και\nεξωτερικότητες. Δημόσια επιλογή και διαδικασίες ψηφοφορίας. Δημόσιες\nδαπάνες και ανάλυση κόστους-οφέλους. Διανομή εισοδήματος. Φορολογία και\nοικονομική αποτελεσματικότητα. Επίπτωση των φόρων. Φορολογία και\nκοινωνική δικαιοσύνη. Δημοσιονομική πολιτική για σταθεροποίηση και\nοικονομική ανάπτυξη. Βασικά στοιχεία του Προϋπολογισμού. Δημόσιες\nεπιχειρήσεις.',NULL,'economics'),(22,'MAR500','Προώθηση Πωλήσεων και Άμεσο Μάρκετινγκ\r',' Σκοπός του μαθήματος είναι η ανάλυση δύο σημαντι-\nκών στοιχείων του μείγματος προβολής και συγκεκριμένα της Προώθησης Πωλή-\nσεων και του Άμεσου Μάρκετινγκ. Σε αντίθεση με άλλα στοιχεία του μείγματος\nπροβολής (π.χ. διαφήμιση), των οποίων η αποτελεσματικότητα μπορεί να μετρηθεί,\nκατά κανόνα, μακροπρόθεσμα, οι ενέργειες προώθησης πωλήσεων και άμεσου\nμάρκετινγκ σχεδιάζονται κατά τρόπον ώστε να είναι δυνατή η μέτρηση της αποτε-\nλεσματικότητάς τους εντός πολύ σύντομου χρονικού διαστήματος από την εφαρμο-\nγή τους. Κατά τη διάρκεια των διαλέξεων οι φοιτητές έχουν την ευκαιρία να εμβα-\nθύνουν στα ιδιαίτερα χαρακτηριστικά των δύο ανωτέρω στοιχείων και να κατανοή-\nσουν τις σχετικές θεωρητικές και πρακτικές προεκτάσεις.\n','MAR400','marketing'),(23,'FIN500','Τραπεζική','Ο κύριος στόχος του μαθήματος είναι η οικονομική ανάλυση της αρχιτεκτονικής, του ανταγωνισμού και του θεσμικού πλαισίου του χρηματοοικονομικού συστήματος, με έμφαση στον ρόλο των τραπεζών, το επιρρεπές σε κρίσεις του χρηματοοικονομικού συστήματος, και την τάση για συνεχή αλλαγή.','FIN300','finance'),(24,'IT500','Λογικός Προγραμματισμός','Εισαγωγή στις βασικές αρχές του λογικού προγραμματισμού.','IT200','IT'),(25,'FIN 1200','TEST','TEST','','economics');
/*!40000 ALTER TABLE `coursecore` ENABLE KEYS */;
UNLOCK TABLES;

--
-- Table structure for table `courseevaluation`
--

DROP TABLE IF EXISTS `courseevaluation`;
/*!40101 SET @saved_cs_client     = @@character_set_client */;
/*!40101 SET character_set_client = utf8 */;
CREATE TABLE `courseevaluation` (
  `courseID` int(10) unsigned NOT NULL,
  `studentID` int(10) unsigned NOT NULL,
  `evaluation` mediumtext NOT NULL,
  `evaluationDate` date DEFAULT NULL,
  PRIMARY KEY (`courseID`,`studentID`),
  KEY `courseId_idx` (`courseID`),
  KEY `fk_studentID_idx` (`studentID`),
  CONSTRAINT `fk_courseEval_courseID` FOREIGN KEY (`courseID`) REFERENCES `course` (`courseID`) ON DELETE NO ACTION ON UPDATE NO ACTION,
  CONSTRAINT `fk_courseEval_studentID` FOREIGN KEY (`studentID`) REFERENCES `person` (`personID`) ON DELETE NO ACTION ON UPDATE NO ACTION
) ENGINE=InnoDB DEFAULT CHARSET=utf8;
/*!40101 SET character_set_client = @saved_cs_client */;

--
-- Dumping data for table `courseevaluation`
--

LOCK TABLES `courseevaluation` WRITE;
/*!40000 ALTER TABLE `courseevaluation` DISABLE KEYS */;
INSERT INTO `courseevaluation` VALUES (1,1282,'Η ύλη του μαθήματος είναι επαρκής ωστόσο καλό θα ήταν το μάθημα να διδάσκεται περισσότερες ώρες ώστε να εμβαθύνουμε περισσότερο σε κάποια θέματα.','2017-05-12'),(1,2729,'Η ύλη του μαθήματος δεν ανταποκρίνεται στο σύγχρονο τεχνολογικό και οικονομικό περιβάλλον και πρέπει είτε να αντικατασταθεί είτε να προσαρμοστεί στα τωρινά δεδομένα.','2017-08-10'),(1,2874,'Η ύλη του μαθήματος δεν ανταποκρίνεται στο σύγχρονο τεχνολογικό και οικονομικό περιβάλλον και πρέπει είτε να αντικατασταθεί είτε να προσαρμοστεί στα τωρινά δεδομένα.','2017-10-29'),(1,5532,'Η ύλη του μαθήματος δεν ανταποκρίνεται στο σύγχρονο τεχνολογικό και οικονομικό περιβάλλον και πρέπει είτε να αντικατασταθεί είτε να προσαρμοστεί στα τωρινά δεδομένα.','2017-01-13'),(1,6939,'Η ύλη του μαθήματος είναι αρκετά μέγαλη για τα gredit που αποδίδει. Καλό θα ήταν είτε να μειωθεί η ύλη είτε να αυξηθούν τα gredit που δίνει.','2017-07-28'),(1,7456,'Η ύλη του μαθήματος δεν ανταποκρίνεται στο σύγχρονο τεχνολογικό και οικονομικό περιβάλλον και πρέπει είτε να αντικατασταθεί είτε να προσαρμοστεί στα τωρινά δεδομένα.','2017-03-04'),(4,1282,'Τα προαπαιτούμενα του μαθήματος δεν είναι τόσο απαραίτητα ώστε να χρειάζεται να τα έχουν περάσει οι μαθητές προκειμένου να παρακολουθήσουν αυτό το μάθημα. Παρόλα αυτά η ύλη του μαθήματος μπορεί να χαρακτηστιστει επαρκής. ','2017-06-12'),(4,1989,'Η ύλη του μαθήματος δεν ανταποκρίνεται στο σύγχρονο τεχνολογικό και οικονομικό περιβάλλον και πρέπει είτε να αντικατασταθεί είτε να προσαρμοστεί στα τωρινά δεδομένα.','2017-09-19'),(4,5532,'Το μάθημα και η ύλη του είναι επαρκή και σωστά οργανωμένα. Δεν νομίζω ότι χρειάζεται να αλλάξει κάτι.','2017-09-12'),(4,6939,'Η ύλη του μαθήματος είναι επαρκής ωστόσο καλό θα ήταν το μάθημα να διδάσκεται περισσότερες ώρες ώστε να εμβαθύνουμε περισσότερο σε κάποια θέματα.','2017-03-28'),(4,7465,'Η ύλη του μαθήματος είναι αρκετά μέγαλη για τα gredit που αποδίδει. Καλό θα ήταν είτε να μειωθεί η ύλη είτε να αυξηθούν τα gredit που δίνει.','2017-05-09'),(7,1282,'Η ύλη του μαθήματος είναι επαρκής ωστόσο καλό θα ήταν το μάθημα να διδάσκεται περισσότερες ώρες ώστε να εμβαθύνουμε περισσότερο σε κάποια θέματα.','2017-07-10'),(7,2247,'Η ύλη του μαθήματος είναι επαρκής ωστόσο καλό θα ήταν το μάθημα να διδάσκεται περισσότερες ώρες ώστε να εμβαθύνουμε περισσότερο σε κάποια θέματα.','2017-12-01'),(7,2817,'Η ύλη του μαθήματος είναι αρκετά μέγαλη για τα gredit που αποδίδει. Καλό θα ήταν είτε να μειωθεί η ύλη είτε να αυξηθούν τα gredit που δίνει.','2017-09-09'),(7,4579,'Τα προαπαιτούμενα του μαθήματος δεν είναι τόσο απαραίτητα ώστε να χρειάζεται να τα έχουν περάσει οι μαθητές προκειμένου να παρακολουθήσουν αυτό το μάθημα. Παρόλα αυτά η ύλη του μαθήματος μπορεί να χαρακτηστιστει επαρκής. ','2017-03-25'),(7,7422,'Τα προαπαιτούμενα του μαθήματος δεν είναι τόσο απαραίτητα ώστε να χρειάζεται να τα έχουν περάσει οι μαθητές προκειμένου να παρακολουθήσουν αυτό το μάθημα. Παρόλα αυτά η ύλη του μαθήματος μπορεί να χαρακτηστιστει επαρκής. ','2017-05-17'),(7,7465,'Η ύλη του μαθήματος δεν ανταποκρίνεται στο σύγχρονο τεχνολογικό και οικονομικό περιβάλλον και πρέπει είτε να αντικατασταθεί είτε να προσαρμοστεί στα τωρινά δεδομένα.','2017-02-11'),(7,8564,'Η ύλη του μαθήματος είναι αρκετά μέγαλη για τα gredit που αποδίδει. Καλό θα ήταν είτε να μειωθεί η ύλη είτε να αυξηθούν τα gredit που δίνει.','2017-12-08'),(7,9242,'Τα προαπαιτούμενα του μαθήματος δεν είναι τόσο απαραίτητα ώστε να χρειάζεται να τα έχουν περάσει οι μαθητές προκειμένου να παρακολουθήσουν αυτό το μάθημα. Παρόλα αυτά η ύλη του μαθήματος μπορεί να χαρακτηστιστει επαρκής. ','2017-11-25'),(12,3454,'Η ύλη του μαθήματος είναι επαρκής ωστόσο καλό θα ήταν το μάθημα να διδάσκεται περισσότερες ώρες ώστε να εμβαθύνουμε περισσότερο σε κάποια θέματα.','2017-02-18'),(12,4547,'Τα προαπαιτούμενα του μαθήματος δεν είναι τόσο απαραίτητα ώστε να χρειάζεται να τα έχουν περάσει οι μαθητές προκειμένου να παρακολουθήσουν αυτό το μάθημα. Παρόλα αυτά η ύλη του μαθήματος μπορεί να χαρακτηστιστει επαρκής. ','2017-01-30'),(12,4579,'Η ύλη του μαθήματος είναι επαρκής ωστόσο καλό θα ήταν το μάθημα να διδάσκεται περισσότερες ώρες ώστε να εμβαθύνουμε περισσότερο σε κάποια θέματα.','2017-06-19'),(12,6862,'Η ύλη του μαθήματος είναι επαρκής ωστόσο καλό θα ήταν το μάθημα να διδάσκεται περισσότερες ώρες ώστε να εμβαθύνουμε περισσότερο σε κάποια θέματα.','2017-12-31'),(12,7353,'Η ύλη του μαθήματος δεν ανταποκρίνεται στο σύγχρονο τεχνολογικό και οικονομικό περιβάλλον και πρέπει είτε να αντικατασταθεί είτε να προσαρμοστεί στα τωρινά δεδομένα.','2017-08-19'),(12,8141,'Η ύλη του μαθήματος δεν ανταποκρίνεται στο σύγχρονο τεχνολογικό και οικονομικό περιβάλλον και πρέπει είτε να αντικατασταθεί είτε να προσαρμοστεί στα τωρινά δεδομένα.','2017-09-13'),(12,8564,'Η ύλη του μαθήματος είναι αρκετά μέγαλη για τα gredit που αποδίδει. Καλό θα ήταν είτε να μειωθεί η ύλη είτε να αυξηθούν τα gredit που δίνει.','2017-07-20'),(12,9242,'Η ύλη του μαθήματος δεν ανταποκρίνεται στο σύγχρονο τεχνολογικό και οικονομικό περιβάλλον και πρέπει είτε να αντικατασταθεί είτε να προσαρμοστεί στα τωρινά δεδομένα.','2017-04-22'),(14,2729,'Η ύλη του μαθήματος είναι επαρκής ωστόσο καλό θα ήταν το μάθημα να διδάσκεται περισσότερες ώρες ώστε να εμβαθύνουμε περισσότερο σε κάποια θέματα.','2017-03-10'),(14,2817,'Η ύλη του μαθήματος είναι αρκετά μέγαλη για τα gredit που αποδίδει. Καλό θα ήταν είτε να μειωθεί η ύλη είτε να αυξηθούν τα gredit που δίνει.','2017-11-19'),(14,3454,'Η ύλη του μαθήματος είναι επαρκής ωστόσο καλό θα ήταν το μάθημα να διδάσκεται περισσότερες ώρες ώστε να εμβαθύνουμε περισσότερο σε κάποια θέματα.','2017-06-23'),(14,6532,'Το μάθημα και η ύλη του είναι επαρκή και σωστά οργανωμένα. Δεν νομίζω ότι χρειάζεται να αλλάξει κάτι.','2017-09-09'),(14,8141,'Η ύλη του μαθήματος δεν ανταποκρίνεται στο σύγχρονο τεχνολογικό και οικονομικό περιβάλλον και πρέπει είτε να αντικατασταθεί είτε να προσαρμοστεί στα τωρινά δεδομένα.','2017-08-10'),(14,8564,'Η ύλη του μαθήματος είναι επαρκής ωστόσο καλό θα ήταν το μάθημα να διδάσκεται περισσότερες ώρες ώστε να εμβαθύνουμε περισσότερο σε κάποια θέματα.','2017-06-29'),(19,1989,'Η ύλη του μαθήματος δεν ανταποκρίνεται στο σύγχρονο τεχνολογικό και οικονομικό περιβάλλον και πρέπει είτε να αντικατασταθεί είτε να προσαρμοστεί στα τωρινά δεδομένα.','2017-12-30'),(19,2729,'Η ύλη του μαθήματος δεν ανταποκρίνεται στο σύγχρονο τεχνολογικό και οικονομικό περιβάλλον και πρέπει είτε να αντικατασταθεί είτε να προσαρμοστεί στα τωρινά δεδομένα.','2017-01-30'),(19,4579,'Τα προαπαιτούμενα του μαθήματος δεν είναι τόσο απαραίτητα ώστε να χρειάζεται να τα έχουν περάσει οι μαθητές προκειμένου να παρακολουθήσουν αυτό το μάθημα. Παρόλα αυτά η ύλη του μαθήματος μπορεί να χαρακτηστιστει επαρκής. ','2017-11-14'),(19,6939,'Το μάθημα και η ύλη του είναι επαρκή και σωστά οργανωμένα. Δεν νομίζω ότι χρειάζεται να αλλάξει κάτι.','2017-02-17'),(19,7353,'Το μάθημα και η ύλη του είναι επαρκή και σωστά οργανωμένα. Δεν νομίζω ότι χρειάζεται να αλλάξει κάτι.','2017-04-21'),(19,7456,'Η ύλη του μαθήματος είναι αρκετά μέγαλη για τα gredit που αποδίδει. Καλό θα ήταν είτε να μειωθεί η ύλη είτε να αυξηθούν τα gredit που δίνει.','2017-06-10'),(19,7465,'Το μάθημα και η ύλη του είναι επαρκή και σωστά οργανωμένα. Δεν νομίζω ότι χρειάζεται να αλλάξει κάτι.','2017-10-20'),(19,8141,'Η ύλη του μαθήματος είναι επαρκής ωστόσο καλό θα ήταν το μάθημα να διδάσκεται περισσότερες ώρες ώστε να εμβαθύνουμε περισσότερο σε κάποια θέματα.','2017-07-20'),(19,9242,'Τα προαπαιτούμενα του μαθήματος δεν είναι τόσο απαραίτητα ώστε να χρειάζεται να τα έχουν περάσει οι μαθητές προκειμένου να παρακολουθήσουν αυτό το μάθημα. Παρόλα αυτά η ύλη του μαθήματος μπορεί να χαρακτηστιστει επαρκής. ','2017-06-09');
/*!40000 ALTER TABLE `courseevaluation` ENABLE KEYS */;
UNLOCK TABLES;

--
-- Table structure for table `coursestudent`
--

DROP TABLE IF EXISTS `coursestudent`;
/*!40101 SET @saved_cs_client     = @@character_set_client */;
/*!40101 SET character_set_client = utf8 */;
CREATE TABLE `coursestudent` (
  `studentID` int(10) unsigned NOT NULL,
  `courseID` int(10) unsigned NOT NULL,
  `evaluation` mediumtext,
  `assignmentGrades` float unsigned DEFAULT NULL,
  `finalGrade` float unsigned DEFAULT NULL,
  `payment` tinyint(1) NOT NULL DEFAULT '0',
  PRIMARY KEY (`studentID`,`courseID`),
  KEY `courseId_idx` (`courseID`),
  CONSTRAINT `fk_courseID` FOREIGN KEY (`courseID`) REFERENCES `course` (`courseID`) ON DELETE NO ACTION ON UPDATE NO ACTION,
  CONSTRAINT `fk_studentID` FOREIGN KEY (`studentID`) REFERENCES `person` (`personID`) ON DELETE NO ACTION ON UPDATE NO ACTION
) ENGINE=InnoDB DEFAULT CHARSET=utf8;
/*!40101 SET character_set_client = @saved_cs_client */;

--
-- Dumping data for table `coursestudent`
--

LOCK TABLES `coursestudent` WRITE;
/*!40000 ALTER TABLE `coursestudent` DISABLE KEYS */;
INSERT INTO `coursestudent` VALUES (1282,1,'Η συμπεριφορά του στο μάθημαμα χαρακτηρίζεται ως : Άριστος.',6,8,1),(1282,2,NULL,NULL,NULL,0),(1282,4,'Η συμπεριφορά του στο μάθημαμα χαρακτηρίζεται ως : Άριστος.',8,7,1),(1989,4,'Η συμπεριφορά του στο μάθημαμα χαρακτηρίζεται ως : Καλώς.',8,7,1),(1989,7,'Η συμπεριφορά του στο μάθημαμα χαρακτηρίζεται ως : Άριστος.',10,9,0),(1989,10,NULL,NULL,NULL,1),(1989,11,NULL,NULL,NULL,0),(1989,13,NULL,NULL,NULL,0),(2247,12,'Η συμπεριφορά του στο μάθημαμα χαρακτηρίζεται ως : Άριστος.',7,8,1),(2729,2,NULL,NULL,NULL,1),(2729,10,NULL,NULL,NULL,1),(2729,11,NULL,NULL,NULL,0),(2729,13,NULL,NULL,NULL,1),(2729,14,'Η συμπεριφορά του στο μάθημαμα χαρακτηρίζεται ως : Καλώς.',5,6,0),(2729,19,'Η συμπεριφορά του στο μάθημαμα χαρακτηρίζεται ως : Καλώς.',0,5,1),(2817,7,'Η συμπεριφορά του στο μάθημαμα χαρακτηρίζεται ως : Καλώς.',8,7,0),(2874,12,'Η συμπεριφορά του στο μάθημαμα χαρακτηρίζεται ως : Καλώς.',5,6,1),(2874,14,'Η συμπεριφορά του στο μάθημαμα χαρακτηρίζεται ως : Καλώς.',5,5,1),(2874,19,'Η συμπεριφορά του στο μάθημαμα χαρακτηρίζεται ως : Καλώς.',8,7,1),(3454,1,'Η συμπεριφορά του στο μάθημαμα χαρακτηρίζεται ως : Λίαν Καλώς.',2,3,1),(3454,5,NULL,NULL,NULL,0),(3454,18,NULL,NULL,NULL,0),(4547,1,'Η συμπεριφορά του στο μάθημαμα χαρακτηρίζεται ως : Άριστος.',10,10,0),(4547,2,NULL,NULL,NULL,1),(4547,5,NULL,NULL,NULL,0),(4547,8,NULL,NULL,NULL,1),(4547,10,NULL,NULL,NULL,0),(4579,4,'Η συμπεριφορά του στο μάθημαμα χαρακτηρίζεται ως : Άριστος.',10,9,1),(5532,4,'Η συμπεριφορά του στο μάθημαμα χαρακτηρίζεται ως : Καλώς.',4,8,0),(5532,7,'Η συμπεριφορά του στο μάθημαμα χαρακτηρίζεται ως : Καλώς.',5,7,1),(5532,12,'Η συμπεριφορά του στο μάθημαμα χαρακτηρίζεται ως : Λίαν Καλώς.',5,1,0),(5532,14,'Η συμπεριφορά του στο μάθημαμα χαρακτηρίζεται ως : Λίαν Καλώς.',5,6,1),(6532,4,'Η συμπεριφορά του στο μάθημαμα χαρακτηρίζεται ως : Λίαν Καλώς.',3,5,0),(6532,12,'Η συμπεριφορά του στο μάθημαμα χαρακτηρίζεται ως : Λίαν Καλώς.',3,4,1),(6532,14,'Η συμπεριφορά του στο μάθημαμα χαρακτηρίζεται ως : Λίαν Καλώς.',4,2,0),(6532,19,'Η συμπεριφορά του στο μάθημαμα χαρακτηρίζεται ως : Άριστος.',10,10,0),(6862,19,'Η συμπεριφορά του στο μάθημαμα χαρακτηρίζεται ως : Καλώς.',8,7,1),(6939,1,'Η συμπεριφορά του στο μάθημαμα χαρακτηρίζεται ως : Λίαν Καλώς.',5,4,1),(6939,12,'Η συμπεριφορά του στο μάθημαμα χαρακτηρίζεται ως : Λίαν Καλώς.',7,8,0),(6939,16,NULL,NULL,NULL,1),(6939,18,NULL,NULL,NULL,0),(6939,20,NULL,NULL,NULL,0),(7353,4,'Η συμπεριφορά του στο μάθημαμα χαρακτηρίζεται ως : Λίαν Καλώς.',2,4,1),(7353,7,'Η συμπεριφορά του στο μάθημαμα χαρακτηρίζεται ως : Λίαν Καλώς.',4,2,1),(7422,8,NULL,NULL,NULL,0),(7422,19,'Η συμπεριφορά του στο μάθημαμα χαρακτηρίζεται ως : Λίαν Καλώς.',0,0,1),(7422,20,NULL,NULL,NULL,0),(7456,12,'Η συμπεριφορά του στο μάθημαμα χαρακτηρίζεται ως : Καλώς.',6,6,1),(7456,14,'Η συμπεριφορά του στο μάθημαμα χαρακτηρίζεται ως : Λίαν Καλώς.',4,3,1),(7465,1,'Η συμπεριφορά του στο μάθημαμα χαρακτηρίζεται ως : Άριστος.',7,8,0),(7465,4,'Η συμπεριφορά του στο μάθημαμα χαρακτηρίζεται ως : Λίαν Καλώς.',1,2,0),(7465,5,NULL,NULL,NULL,1),(7465,10,NULL,NULL,NULL,0),(7465,12,'Η συμπεριφορά του στο μάθημαμα χαρακτηρίζεται ως : Καλώς.',7,6,1),(7465,13,NULL,NULL,NULL,1),(8141,1,'Η συμπεριφορά του στο μάθημαμα χαρακτηρίζεται ως : Άριστος.',8,9,0),(8141,12,'Η συμπεριφορά του στο μάθημαμα χαρακτηρίζεται ως : Άριστος.',7,8,0),(8564,4,'Η συμπεριφορά του στο μάθημαμα χαρακτηρίζεται ως : Άριστος.',10,10,1),(8564,8,NULL,NULL,NULL,0),(8564,12,'Η συμπεριφορά του στο μάθημαμα χαρακτηρίζεται ως :  Άριστος.',9,8,1),(8564,18,NULL,NULL,NULL,0),(8564,20,NULL,NULL,NULL,0),(9242,7,'Η συμπεριφορά του στο μάθημαμα χαρακτηρίζεται ως : Λίαν Καλώς.',2,3,0),(9242,11,NULL,NULL,NULL,1),(9242,19,'Η συμπεριφορά του στο μάθημαμα χαρακτηρίζεται ως : Καλώς.',5,4,0);
/*!40000 ALTER TABLE `coursestudent` ENABLE KEYS */;
UNLOCK TABLES;

--
-- Table structure for table `courseteacher`
--

DROP TABLE IF EXISTS `courseteacher`;
/*!40101 SET @saved_cs_client     = @@character_set_client */;
/*!40101 SET character_set_client = utf8 */;
CREATE TABLE `courseteacher` (
  `teacherID` int(10) unsigned NOT NULL,
  `courseID` int(10) unsigned NOT NULL,
  PRIMARY KEY (`teacherID`,`courseID`),
  KEY `fk_course_ID_idx` (`courseID`),
  CONSTRAINT `fk_courseTeach_course_ID` FOREIGN KEY (`courseID`) REFERENCES `course` (`courseID`) ON DELETE NO ACTION ON UPDATE NO ACTION,
  CONSTRAINT `fk_courseTeach_teacher_ID` FOREIGN KEY (`teacherID`) REFERENCES `teacher` (`teacherID`) ON DELETE NO ACTION ON UPDATE NO ACTION
) ENGINE=InnoDB DEFAULT CHARSET=utf8;
/*!40101 SET character_set_client = @saved_cs_client */;

--
-- Dumping data for table `courseteacher`
--

LOCK TABLES `courseteacher` WRITE;
/*!40000 ALTER TABLE `courseteacher` DISABLE KEYS */;
INSERT INTO `courseteacher` VALUES (2719,1),(7264,1),(7264,2),(2719,3),(2719,4),(7264,5),(9999,6),(2719,7),(2719,8),(9999,9),(7264,10),(9999,11),(9999,12),(9999,17),(7264,19);
/*!40000 ALTER TABLE `courseteacher` ENABLE KEYS */;
UNLOCK TABLES;

--
-- Table structure for table `courseteacherapplication`
--

DROP TABLE IF EXISTS `courseteacherapplication`;
/*!40101 SET @saved_cs_client     = @@character_set_client */;
/*!40101 SET character_set_client = utf8 */;
CREATE TABLE `courseteacherapplication` (
  `teacherID` int(10) unsigned NOT NULL,
  `applicationDate` date NOT NULL,
  `courseID` int(10) unsigned NOT NULL,
  PRIMARY KEY (`teacherID`,`courseID`),
  KEY `fk_CourseTeacherApplication_teacher1_idx` (`teacherID`),
  KEY `fv_courseID_idx` (`courseID`),
  CONSTRAINT `fk_CTA_courseID` FOREIGN KEY (`courseID`) REFERENCES `course` (`courseID`) ON DELETE NO ACTION ON UPDATE NO ACTION,
  CONSTRAINT `fk_CTA_teacherID` FOREIGN KEY (`teacherID`) REFERENCES `teacher` (`teacherID`) ON DELETE NO ACTION ON UPDATE NO ACTION
) ENGINE=InnoDB DEFAULT CHARSET=utf8;
/*!40101 SET character_set_client = @saved_cs_client */;

--
-- Dumping data for table `courseteacherapplication`
--

LOCK TABLES `courseteacherapplication` WRITE;
/*!40000 ALTER TABLE `courseteacherapplication` DISABLE KEYS */;
INSERT INTO `courseteacherapplication` VALUES (3969,'2017-03-04',6),(3969,'2017-03-02',9),(4649,'2017-03-06',15),(5414,'2017-02-20',3),(5414,'2017-02-28',17);
/*!40000 ALTER TABLE `courseteacherapplication` ENABLE KEYS */;
UNLOCK TABLES;

--
-- Table structure for table `evaluationteachers`
--

DROP TABLE IF EXISTS `evaluationteachers`;
/*!40101 SET @saved_cs_client     = @@character_set_client */;
/*!40101 SET character_set_client = utf8 */;
CREATE TABLE `evaluationteachers` (
  `teacherID` int(10) unsigned NOT NULL,
  `studentID` int(10) unsigned NOT NULL,
  `courseID` int(10) unsigned NOT NULL,
  `evaluation` mediumtext NOT NULL,
  PRIMARY KEY (`teacherID`,`studentID`,`courseID`),
  KEY `courseId_idx` (`courseID`),
  KEY `fk_studentID_idx` (`studentID`),
  CONSTRAINT `fk_evalTeach_courseID` FOREIGN KEY (`courseID`) REFERENCES `course` (`courseID`) ON DELETE NO ACTION ON UPDATE NO ACTION,
  CONSTRAINT `fk_evalTeach_studentID` FOREIGN KEY (`studentID`) REFERENCES `person` (`personID`) ON DELETE NO ACTION ON UPDATE NO ACTION,
  CONSTRAINT `fk_evalTeach_teacherID` FOREIGN KEY (`teacherID`) REFERENCES `teacher` (`teacherID`) ON DELETE NO ACTION ON UPDATE NO ACTION
) ENGINE=InnoDB DEFAULT CHARSET=utf8;
/*!40101 SET character_set_client = @saved_cs_client */;

--
-- Dumping data for table `evaluationteachers`
--

LOCK TABLES `evaluationteachers` WRITE;
/*!40000 ALTER TABLE `evaluationteachers` DISABLE KEYS */;
INSERT INTO `evaluationteachers` VALUES (2719,1282,1,'very accurate'),(2719,1282,4,'very accurate'),(2719,1989,4,'brilliant'),(2719,1989,7,'very accurate'),(2719,2817,7,'brilliant'),(2719,3454,1,'brilliant'),(2719,4547,1,'brilliant'),(2719,4579,4,'not good enought'),(2719,5532,7,'not good enought'),(7264,1282,1,'not good enought'),(7264,2729,19,'brilliant'),(7264,4547,1,'very accurate'),(7264,6862,19,'not good enought'),(7264,7422,19,'brilliant'),(7264,9242,19,'very accurate'),(9999,2247,12,'brilliant'),(9999,2874,12,'not good enought'),(9999,6532,12,'very accurate');
/*!40000 ALTER TABLE `evaluationteachers` ENABLE KEYS */;
UNLOCK TABLES;

--
-- Table structure for table `inbox`
--

DROP TABLE IF EXISTS `inbox`;
/*!40101 SET @saved_cs_client     = @@character_set_client */;
/*!40101 SET character_set_client = utf8 */;
CREATE TABLE `inbox` (
  `messageID` int(10) unsigned NOT NULL,
  `from` int(10) unsigned NOT NULL,
  `to` int(10) unsigned NOT NULL,
  `messageDate` date NOT NULL,
  `message` mediumtext NOT NULL,
  `read` tinyint(4) NOT NULL,
  `title` varchar(60) DEFAULT NULL,
  PRIMARY KEY (`messageID`),
  KEY `fk_from_idx` (`from`),
  KEY `fk_to_idx` (`to`),
  CONSTRAINT `fk_inbox_from` FOREIGN KEY (`from`) REFERENCES `person` (`personID`) ON DELETE NO ACTION ON UPDATE NO ACTION,
  CONSTRAINT `fk_inbox_to` FOREIGN KEY (`to`) REFERENCES `person` (`personID`) ON DELETE NO ACTION ON UPDATE NO ACTION
) ENGINE=InnoDB DEFAULT CHARSET=utf8;
/*!40101 SET character_set_client = @saved_cs_client */;

--
-- Dumping data for table `inbox`
--

LOCK TABLES `inbox` WRITE;
/*!40000 ALTER TABLE `inbox` DISABLE KEYS */;
/*!40000 ALTER TABLE `inbox` ENABLE KEYS */;
UNLOCK TABLES;

--
-- Table structure for table `person`
--

DROP TABLE IF EXISTS `person`;
/*!40101 SET @saved_cs_client     = @@character_set_client */;
/*!40101 SET character_set_client = utf8 */;
CREATE TABLE `person` (
  `personID` int(10) unsigned NOT NULL AUTO_INCREMENT,
  `name` varchar(45) NOT NULL,
  `surname` varchar(45) NOT NULL,
  `email` varchar(60) NOT NULL,
  `phone` varchar(45) NOT NULL,
  `sex` enum('male','female','other') NOT NULL,
  `address` varchar(100) NOT NULL,
  `dob` date NOT NULL,
  `username` varchar(45) NOT NULL,
  `password` varchar(45) NOT NULL,
  `taxNumber` varchar(45) NOT NULL,
  `iban` varchar(45) NOT NULL,
  `role` enum('teacher','student','secretary','admin') NOT NULL,
  PRIMARY KEY (`personID`),
  UNIQUE KEY `username_UNIQUE` (`username`),
  UNIQUE KEY `taxNumber_UNIQUE` (`taxNumber`)
) ENGINE=InnoDB AUTO_INCREMENT=10000 DEFAULT CHARSET=utf8;
/*!40101 SET character_set_client = @saved_cs_client */;

--
-- Dumping data for table `person`
--

LOCK TABLES `person` WRITE;
/*!40000 ALTER TABLE `person` DISABLE KEYS */;
INSERT INTO `person` VALUES (1282,'Paris','Georgakopoulos','pgeorgak@hotmail.com','2109047829','male','Chiou 47, N. Psichiko','1996-01-10','pgeorgak','patrinos','32148999','GR78522336656663','student'),(1989,'Evagelia','Vlachou','evlachou@hotmail.com','2107845126','female','Olimpou 14, Pireas','1995-01-18','evlachou','honvent','52417496','GR32659845413385','student'),(2247,'Nikolaos','Batsinilas','nbatsinilas@gmail.com','2107864636','male','Dervenakion 74, Pagrati','1995-05-22','nbatsinilas','briz','21569844','GR86657752311236','student'),(2719,'Maria','Kourbana','mkourbana@msn.com','2103985478','female','Dodonis 22, Pallini','1972-06-28','mkourbana','pentari','47856997','GR79134697643155','teacher'),(2729,'Nikoleta','Patsiavoura','npatsiavoura@gmail.com','2103257899','female','Promitheos 8, Ilioupoli','1997-06-30','npatsiavoura','larisea','87456632','GR34754142456573','student'),(2816,'Ioannis','Antoniou','aantoniou@gmail.com','2107856546','male','Fragoklisias 14, Glifada','1975-04-03','aantoniou','paparas','68745634','GR74231785654796','teacher'),(2817,'Afroditi','Tarasi','atarasi@gmail.com','2107456824','female','Iraklidon 32, Peristeri','1998-07-22','atarasi','amindikos','57515953','GR32587466366452','student'),(2874,'Christos','Dimopoulos','cdimopoulos@gmail.com','2108566533','male','Kyprou17, Argiroupoli','1995-10-20','cdimopoulos','fonias','54654582','GR35997454411256','student'),(3454,'Huan','Rotsa','hrotsa@gmail.com','2108756247','male','Parou 23, Holargos','1995-02-06','hrotsa','argentinos','65877893','GR45244653233314','student'),(3969,'Paschalis','Terzis','pterzis','2109656997','male','Perikleous 12, Marousi','1970-10-09','pterzis','tragoudistis','27178664','GR83417789369945','teacher'),(4547,'Grigoris','Charalabidis','gcharalabidis@gmail.com','2104783254','male','Parnasou 10, Melissia','1994-04-20','gcharalabidis','eniari','45789625','GR74521475695462','student'),(4579,'Ioanna','Kalitzaki','ikalitzaki@hotmail.com','2107845564','female','Iraklidon 84, Elefsina','1997-02-24','ikalitzaki','tsekouri','93827145','GR74529641729385','student'),(4649,'Popi','Vazeha','pvazeha@gmail.com','2108657145','female','Artemidos 9, Alimos','1965-09-07','pvazeha','polonos','84828364','GR71738525479645','teacher'),(5414,'Athanasios','Rouvas','arouvas@hotmail.com','2106568471','male','Monemvasias 18, Kifissia','1972-05-15','arouvas','tragoudiaris','67243696','GR72418293456979','teacher'),(5532,'Kostantinos','Mavridis','kmavridis@msn.com','2104085079','male','Thessalonikis 56, Moschato','1995-03-08','kmavridis','mousatos','77563345','GR85636655245634','student'),(5957,'Antonia','Minou','aminou@msn.com','2107874566','female','Keramikou 12, Chalandri','1970-10-20','aminou','artzi','65258664','GR78642663556699','secretary'),(6532,'Lisandros','Georgamlis','lgeorgamlis@hotmail.com','2108866471','male','Pentelis 15, Nea filadelfia','1993-12-09','lgeorgamlis','aekakias','55648245','GR33547459514265','student'),(6862,'Spiridoula','Livathinou','slivathinou@hotmail.com','2107486314','female','Akakion 14, Petroupoli','1998-06-26','slivathinou','tzigerikos','86452333','GR84638565611485','student'),(6939,'Luisa','Christodoulou','lchristodoulou@hotmail.com','2104785652','female','Evrou 22, N. Chalkidona ','1998-06-17','lchristodoulou','afstralos','78475732','GR65245555656788','student'),(7264,'Xaris','Alexiou','xalexiou@gmail.com','2104555555','female','Ellasona14, Pagrati','1964-03-12','halexiou','lala','78542545','GR74853245598555','teacher'),(7353,'Eleni','Laftsi','elaftsi@gmail.com','2107486678','female','Tsaldari 25, N. Smirni','1996-11-18','elaftsi','psiloterma','17856963','GR45789632145688','student'),(7422,'Stella','Vamvakoula','svamvakoula@gmail.com','2107845662','female','Rodopis17, Egaleo','1997-04-02','svamvakoula','gavros','25789687','GR38745685562656','student'),(7456,'Giannis','Vonortas','gvonortas@hotmail.com','2105647859','male','Kanari 24, Abelokipi','1995-10-04','gvonortas','babalou','85147368','GR74562784114535','student'),(7465,'Maria','Sargani','msargani@hotmail.com','2107866956','female','Navarinou 18, Agia Paraskevi','1997-03-08','msargani','terma','96527413','GR63524177856872','student'),(7865,'Vassilis','Daniil','vdaniil@gotmail.com','2107896325','male','Samou 20, Galatsi','1975-02-20','vdaniil','profitis','41716153','GR57379656414796','admin'),(8141,'Dimitra','Saravakou','dsaravakou@msn.com','2103268945','female','Garitou 63, Papagou','1996-12-20','dsaravakou','mikri','63656963','GR77415663355664','student'),(8475,'Mikis','Thodorakis','mthodorakis@hotmail.com','2103252626','male','Komotinis11, Vrilissia','1968-07-14','mthodorakis','exoria','41424263','GR54783214265365','teacher'),(8564,'Spiros','Maragos','smaragos@hotmail.com','2109344778','male','Gounari19, Gerakas','1994-03-22','smaragos','trelos','31456745','GR73536141465967','student'),(8811,'Stavroula','Karoulia','skaroulia@gmail.com','2106369686','female','Patroklou 18, Vrilissia','1971-02-04','skaroulia','triari','69854776','GR28173982719345','secretary'),(9242,'Velimir','Zaets','vzaets@gmail.com','2104785213','male','Koritsas 8, N. Ionia','1994-11-29','vzates','kroatis','14786578','GR98754533447755','student'),(9764,'Mikaela','Galakou','mgalakou@gmail.com','2108652367','female','Pigasou 11, Athens','1968-11-05','mgalakou','endekari','38415633','GR93325254512563','secretary'),(9999,'Grigoris ','Bithikotsis','gbithikotsis@gmail.com','2165874787','male','Kavals40, Marousi','1970-04-20','gbithikotsis','sir','52414141','GR54782266661212','teacher');
/*!40000 ALTER TABLE `person` ENABLE KEYS */;
UNLOCK TABLES;

--
-- Table structure for table `studentassignments`
--

DROP TABLE IF EXISTS `studentassignments`;
/*!40101 SET @saved_cs_client     = @@character_set_client */;
/*!40101 SET character_set_client = utf8 */;
CREATE TABLE `studentassignments` (
  `assignmentID` int(10) unsigned NOT NULL,
  `studentID` int(10) unsigned NOT NULL,
  `grades` float unsigned NOT NULL,
  `submitDay` date NOT NULL,
  `answer` mediumtext NOT NULL,
  `comments` mediumtext,
  PRIMARY KEY (`assignmentID`,`studentID`),
  KEY `assingmentId_idx` (`assignmentID`),
  KEY `fk_studentID_idx` (`studentID`),
  CONSTRAINT `fk_studAssign_assingmentID` FOREIGN KEY (`assignmentID`) REFERENCES `assignments` (`assignmentID`) ON DELETE NO ACTION ON UPDATE NO ACTION,
  CONSTRAINT `fk_studAssign_studentID` FOREIGN KEY (`studentID`) REFERENCES `person` (`personID`) ON DELETE NO ACTION ON UPDATE NO ACTION
) ENGINE=InnoDB DEFAULT CHARSET=utf8;
/*!40101 SET character_set_client = @saved_cs_client */;

--
-- Dumping data for table `studentassignments`
--

LOCK TABLES `studentassignments` WRITE;
/*!40000 ALTER TABLE `studentassignments` DISABLE KEYS */;
INSERT INTO `studentassignments` VALUES (1,1282,5,'2017-02-06','Η απάντηση αναγράφεται στο τέλος της εργασίας.','Απαντήθηκαν ορισμένα από τα ερωτήματα ωστόσο επαρκούν ώστε η εργασία να έχει προβιβάσιμο βαθμό.'),(2,1989,4,'2017-04-22','Η απάντηση αναγράφεται στο τέλος της εργασίας.','Η εργασία ήταν πρόχηρη και το ερώτημα δεν απαντήθηκε επαρκώς.'),(3,1282,0,'2017-03-02','Η απάντηση αναγράφεται στο τέλος της εργασίας.','Η εργασία ήταν εκπρόθεσμη και κόπηκε.'),(3,2817,8,'2017-02-22','Η απάντηση αναγράφεται στο τέλος της εργασίας.','Η εργασία ήταν σχεδόν άριστη υπήρξαν λάθη μόσο σε ορισμένες λεπτομέριες.'),(4,2729,3,'2017-03-23','Η απάντηση αναγράφεται στο τέλος της εργασίας.','Η εργασία ήταν πρόχηρη και το ερώτημα δεν απαντήθηκε επαρκώς.'),(5,2874,10,'2017-06-23','Η απάντηση αναγράφεται στο τέλος της εργασίας.','Η εργασία ήταν άριστη και απαντήθηκαν όλα τα ερωτήματα.'),(6,2874,6,'2017-05-16','Η απάντηση αναγράφεται στο τέλος της εργασίας.','Απαντήθηκαν ορισμένα από τα ερωτήματα ωστόσο επαρκούν ώστε η εργασία να έχει προβιβάσιμο βαθμό.'),(7,3454,7,'2017-04-18','Η απάντηση αναγράφεται στο τέλος της εργασίας.','Απαντήθηκαν ορισμένα από τα ερωτήματα ωστόσο επαρκούν ώστε η εργασία να έχει προβιβάσιμο βαθμό.'),(7,5532,9,'2017-04-17','Η απάντηση αναγράφεται στο τέλος της εργασίας.','Η εργασία ήταν σχεδόν άριστη υπήρξαν λάθη μόσο σε ορισμένες λεπτομέριες.'),(8,3454,8,'2017-07-26','Η απάντηση αναγράφεται στο τέλος της εργασίας.','Η εργασία ήταν σχεδόν άριστη υπήρξαν λάθη μόσο σε ορισμένες λεπτομέριες.'),(8,4547,1,'2017-07-25','Η απάντηση αναγράφεται στο τέλος της εργασίας.','Η εργασία ήταν πρόχηρη και το ερώτημα δεν απαντήθηκε επαρκώς.'),(9,4547,0,'2017-10-25','Η απάντηση αναγράφεται στο τέλος της εργασίας.','Η εργασία ήταν εκπρόθεσμη και κόπηκε.'),(9,4579,3,'2017-10-19','Η απάντηση αναγράφεται στο τέλος της εργασίας.','Η εργασία ήταν πρόχηρη και το ερώτημα δεν απαντήθηκε επαρκώς.'),(10,4579,5,'2017-03-26','Η απάντηση αναγράφεται στο τέλος της εργασίας.','Απαντήθηκαν ορισμένα από τα ερωτήματα ωστόσο επαρκούν ώστε η εργασία να έχει προβιβάσιμο βαθμό.'),(11,5532,6,'2017-09-18','Η απάντηση αναγράφεται στο τέλος της εργασίας.','Απαντήθηκαν ορισμένα από τα ερωτήματα ωστόσο επαρκούν ώστε η εργασία να έχει προβιβάσιμο βαθμό.'),(12,5532,9,'2017-03-30','Η απάντηση αναγράφεται στο τέλος της εργασίας.','Η εργασία ήταν σχεδόν άριστη υπήρξαν λάθη μόσο σε ορισμένες λεπτομέριες.'),(12,6532,9,'2017-03-29','Η απάντηση αναγράφεται στο τέλος της εργασίας.','Η εργασία ήταν σχεδόν άριστη υπήρξαν λάθη μόσο σε ορισμένες λεπτομέριες.'),(13,5532,10,'2017-07-14','Η απάντηση αναγράφεται στο τέλος της εργασίας.','Η εργασία ήταν άριστη και απαντήθηκαν όλα τα ερωτήματα.'),(13,6532,0,'2017-07-20','Η απάντηση αναγράφεται στο τέλος της εργασίας.','Η εργασία ήταν εκπρόθεσμη και κόπηκε.'),(14,1282,10,'2017-12-29','Η απάντηση αναγράφεται στο τέλος της εργασίας.','Η εργασία ήταν άριστη και απαντήθηκαν όλα τα ερωτήματα.'),(15,3454,8,'2017-10-26','Η απάντηση αναγράφεται στο τέλος της εργασίας.','Η εργασία ήταν σχεδόν άριστη υπήρξαν λάθη μόσο σε ορισμένες λεπτομέριες.'),(16,4579,0,'2017-08-26','Η απάντηση αναγράφεται στο τέλος της εργασίας.','Η εργασία ήταν εκπρόθεσμη και κόπηκε.'),(17,1989,10,'2017-08-26','Η απάντηση αναγράφεται στο τέλος της εργασίας.','Η εργασία ήταν άριστη και απαντήθηκαν όλα τα ερωτήματα.'),(18,5532,1,'2017-04-23','Η απάντηση αναγράφεται στο τέλος της εργασίας.','Η εργασία ήταν πρόχηρη και το ερώτημα δεν απαντήθηκε επαρκώς.'),(19,6532,6,'2017-12-11','Η απάντηση αναγράφεται στο τέλος της εργασίας.','Απαντήθηκαν ορισμένα από τα ερωτήματα ωστόσο επαρκούν ώστε η εργασία να έχει προβιβάσιμο βαθμό.'),(20,2817,5,'2017-10-10','Η απάντηση αναγράφεται στο τέλος της εργασίας.','Απαντήθηκαν ορισμένα από τα ερωτήματα ωστόσο επαρκούν ώστε η εργασία να έχει προβιβάσιμο βαθμό.'),(21,3454,9,'2017-04-27','Η απάντηση αναγράφεται στο τέλος της εργασίας.','Η εργασία ήταν άριστη και απαντήθηκαν όλα τα ερωτήματα.'),(22,6862,5,'2017-05-19','Η απάντηση αναγράφεται στο τέλος της εργασίας.','Απαντήθηκαν ορισμένα από τα ερωτήματα ωστόσο επαρκούν ώστε η εργασία να έχει προβιβάσιμο βαθμό.'),(22,6939,7,'2017-05-17','Η απάντηση αναγράφεται στο τέλος της εργασίας.','Απαντήθηκαν ορισμένα από τα ερωτήματα ωστόσο επαρκούν ώστε η εργασία να έχει προβιβάσιμο βαθμό.'),(22,7353,6,'2017-05-18','Η απάντηση αναγράφεται στο τέλος της εργασίας.','Απαντήθηκαν ορισμένα από τα ερωτήματα ωστόσο επαρκούν ώστε η εργασία να έχει προβιβάσιμο βαθμό.'),(23,6862,3,'2017-08-08','Η απάντηση αναγράφεται στο τέλος της εργασίας.','Η εργασία ήταν πρόχηρη και το ερώτημα δεν απαντήθηκε επαρκώς.'),(24,6939,1,'2017-02-12','Η απάντηση αναγράφεται στο τέλος της εργασίας.','Η εργασία ήταν πρόχηρη και το ερώτημα δεν απαντήθηκε επαρκώς.'),(25,8141,2,'2017-04-16','Η απάντηση αναγράφεται στο τέλος της εργασίας.','Η εργασία ήταν πρόχηρη και το ερώτημα δεν απαντήθηκε επαρκώς.'),(26,7456,7,'2017-02-27','Η απάντηση αναγράφεται στο τέλος της εργασίας.','Απαντήθηκαν ορισμένα από τα ερωτήματα ωστόσο επαρκούν ώστε η εργασία να έχει προβιβάσιμο βαθμό.'),(27,7456,8,'2017-02-19','Η απάντηση αναγράφεται στο τέλος της εργασίας.','Η εργασία ήταν σχεδόν άριστη υπήρξαν λάθη μόσο σε ορισμένες λεπτομέριες.'),(28,7422,0,'2017-06-30','Η απάντηση αναγράφεται στο τέλος της εργασίας.','Η εργασία ήταν εκπρόθεσμη και κόπηκε.'),(29,8141,3,'2017-11-09','Η απάντηση αναγράφεται στο τέλος της εργασίας.','Η εργασία ήταν πρόχηρη και το ερώτημα δεν απαντήθηκε επαρκώς.'),(30,7422,8,'2017-09-16','Η απάντηση αναγράφεται στο τέλος της εργασίας.','Η εργασία ήταν σχεδόν άριστη υπήρξαν λάθη μόσο σε ορισμένες λεπτομέριες.'),(31,2729,1,'2017-08-19','Η απάντηση αναγράφεται στο τέλος της εργασίας.','Η εργασία ήταν πρόχηρη και το ερώτημα δεν απαντήθηκε επαρκώς.'),(32,6862,7,'2017-06-18','Η απάντηση αναγράφεται στο τέλος της εργασίας.','Απαντήθηκαν ορισμένα από τα ερωτήματα ωστόσο επαρκούν ώστε η εργασία να έχει προβιβάσιμο βαθμό.'),(33,7422,5,'2017-02-16','Η απάντηση αναγράφεται στο τέλος της εργασίας.','Απαντήθηκαν ορισμένα από τα ερωτήματα ωστόσο επαρκούν ώστε η εργασία να έχει προβιβάσιμο βαθμό.'),(34,7353,6,'2017-11-18','Η απάντηση αναγράφεται στο τέλος της εργασίας.','Απαντήθηκαν ορισμένα από τα ερωτήματα ωστόσο επαρκούν ώστε η εργασία να έχει προβιβάσιμο βαθμό.'),(35,7353,9,'2017-05-08','Η απάντηση αναγράφεται στο τέλος της εργασίας.','Η εργασία ήταν σχεδόν άριστη υπήρξαν λάθη μόσο σε ορισμένες λεπτομέριες.'),(36,8141,10,'2017-02-08','Η απάντηση αναγράφεται στο τέλος της εργασίας.','Η εργασία ήταν άριστη και απαντήθηκαν όλα τα ερωτήματα.'),(36,8564,2,'2017-02-07','Η απάντηση αναγράφεται στο τέλος της εργασίας.','Η εργασία ήταν πρόχηρη και το ερώτημα δεν απαντήθηκε επαρκώς.'),(37,8564,6,'2017-01-26','Η απάντηση αναγράφεται στο τέλος της εργασίας.','Απαντήθηκαν ορισμένα από τα ερωτήματα ωστόσο επαρκούν ώστε η εργασία να έχει προβιβάσιμο βαθμό.'),(38,1282,0,'2017-01-15','Η απάντηση αναγράφεται στο τέλος της εργασίας.','Η εργασία ήταν εκπρόθεσμη και κόπηκε.'),(39,5532,4,'2017-07-24','Η απάντηση αναγράφεται στο τέλος της εργασίας.','Η εργασία ήταν πρόχηρη και το ερώτημα δεν απαντήθηκε επαρκώς.'),(40,2874,5,'2017-04-28','Η απάντηση αναγράφεται στο τέλος της εργασίας.','Απαντήθηκαν ορισμένα από τα ερωτήματα ωστόσο επαρκούν ώστε η εργασία να έχει προβιβάσιμο βαθμό.');
/*!40000 ALTER TABLE `studentassignments` ENABLE KEYS */;
UNLOCK TABLES;

--
-- Table structure for table `teacher`
--

DROP TABLE IF EXISTS `teacher`;
/*!40101 SET @saved_cs_client     = @@character_set_client */;
/*!40101 SET character_set_client = utf8 */;
CREATE TABLE `teacher` (
  `teacherID` int(10) unsigned NOT NULL,
  `status` enum('Teacher Applicant','Teacher Course Applicant','Course Teacher') NOT NULL,
  `CV` mediumtext NOT NULL,
  `field` enum('economics','marketing','finance','IT') NOT NULL,
  PRIMARY KEY (`teacherID`),
  UNIQUE KEY `teacherID_UNIQUE` (`teacherID`),
  CONSTRAINT `fk_teacher_teacherID` FOREIGN KEY (`teacherID`) REFERENCES `person` (`personID`) ON DELETE NO ACTION ON UPDATE NO ACTION
) ENGINE=InnoDB DEFAULT CHARSET=utf8;
/*!40101 SET character_set_client = @saved_cs_client */;

--
-- Dumping data for table `teacher`
--

LOCK TABLES `teacher` WRITE;
/*!40000 ALTER TABLE `teacher` DISABLE KEYS */;
INSERT INTO `teacher` VALUES (2719,'Course Teacher','Καλός','economics'),(2816,'Teacher Applicant','Μέτριο λίγο','finance'),(3969,'Teacher Course Applicant','Πολλά χρόνια','marketing'),(4649,'Teacher Course Applicant','Κενός','IT'),(5414,'Teacher Course Applicant','Καλούτσικος','economics'),(7264,'Course Teacher','Μέτριος','finance'),(8475,'Teacher Applicant','Ξέρω πολλά','finance'),(9999,'Course Teacher','Πολύ καλός','marketing');
/*!40000 ALTER TABLE `teacher` ENABLE KEYS */;
UNLOCK TABLES;
/*!40103 SET TIME_ZONE=@OLD_TIME_ZONE */;

/*!40101 SET SQL_MODE=@OLD_SQL_MODE */;
/*!40014 SET FOREIGN_KEY_CHECKS=@OLD_FOREIGN_KEY_CHECKS */;
/*!40014 SET UNIQUE_CHECKS=@OLD_UNIQUE_CHECKS */;
/*!40101 SET CHARACTER_SET_CLIENT=@OLD_CHARACTER_SET_CLIENT */;
/*!40101 SET CHARACTER_SET_RESULTS=@OLD_CHARACTER_SET_RESULTS */;
/*!40101 SET COLLATION_CONNECTION=@OLD_COLLATION_CONNECTION */;
/*!40111 SET SQL_NOTES=@OLD_SQL_NOTES */;

-- Dump completed on 2017-07-02  3:00:24
